domain,problem,repeat,time,cycles,plan_length,plan_found,max_bound
blocksworld,0_01,0,0.4183976650238037,0.0,10.0,True,False
blocksworld,0_01,1,0.4459679126739502,0.0,10.0,True,False
blocksworld,0_01,2,0.5493547916412354,0.0,10.0,True,False
blocksworld,0_01,3,0.4402890205383301,0.0,10.0,True,False
blocksworld,0_01,4,0.4528672695159912,0.0,10.0,True,False
blocksworld,0_02,0,0.3903651237487793,0.0,8.0,True,False
blocksworld,0_02,1,0.3229546546936035,0.0,8.0,True,False
blocksworld,0_02,2,0.38161516189575195,0.0,8.0,True,False
blocksworld,0_02,3,0.4750864505767822,0.0,8.0,True,False
blocksworld,0_02,4,0.27481889724731445,0.0,8.0,True,False
blocksworld,0_03,0,0.577650785446167,0.0,20.0,True,False
blocksworld,0_03,1,0.611799955368042,0.0,20.0,True,False
blocksworld,0_03,2,0.652571439743042,0.0,20.0,True,False
blocksworld,0_03,3,0.7147870063781738,0.0,20.0,True,False
blocksworld,0_03,4,0.5668773651123047,0.0,20.0,True,False
blocksworld,0_04,0,0.7835066318511963,0.0,24.0,True,False
blocksworld,0_04,1,0.9256231784820557,0.0,24.0,True,False
blocksworld,0_04,2,0.49443864822387695,0.0,24.0,True,False
blocksworld,0_04,3,0.686445951461792,0.0,24.0,True,False
blocksworld,0_04,4,0.6296422481536865,0.0,24.0,True,False
blocksworld,0_05,0,0.8132598400115967,0.0,24.0,True,False
blocksworld,0_05,1,0.7547173500061035,0.0,24.0,True,False
blocksworld,0_05,2,0.8371117115020752,0.0,24.0,True,False
blocksworld,0_05,3,0.7846288681030273,0.0,24.0,True,False
blocksworld,0_05,4,0.6463847160339355,0.0,24.0,True,False
blocksworld,0_06,0,0.8543710708618164,0.0,30.0,True,False
blocksworld,0_06,1,0.8879852294921875,0.0,30.0,True,False
blocksworld,0_06,2,0.8307311534881592,0.0,30.0,True,False
blocksworld,0_06,3,0.875744104385376,0.0,28.0,True,False
blocksworld,0_06,4,0.8667421340942383,0.0,28.0,True,False
blocksworld,0_07,0,0.9172263145446777,0.0,32.0,True,False
blocksworld,0_07,1,1.0880975723266602,0.0,32.0,True,False
blocksworld,0_07,2,1.021190881729126,0.0,32.0,True,False
blocksworld,0_07,3,1.0381312370300293,0.0,32.0,True,False
blocksworld,0_07,4,0.9662189483642578,0.0,32.0,True,False
blocksworld,0_08,0,0.8550326824188232,0.0,32.0,True,False
blocksworld,0_08,1,0.9388048648834229,0.0,32.0,True,False
blocksworld,0_08,2,0.9338006973266602,0.0,32.0,True,False
blocksworld,0_08,3,0.8694980144500732,0.0,32.0,True,False
blocksworld,0_08,4,0.793574333190918,0.0,32.0,True,False
blocksworld,0_09,0,1.1929614543914795,0.0,36.0,True,False
blocksworld,0_09,1,1.1521387100219727,0.0,36.0,True,False
blocksworld,0_09,2,1.1174886226654053,0.0,36.0,True,False
blocksworld,0_09,3,1.0016155242919922,0.0,36.0,True,False
blocksworld,0_09,4,1.041851282119751,0.0,36.0,True,False
blocksworld,0_10,0,1.36253023147583,0.0,38.0,True,False
blocksworld,0_10,1,1.1267852783203125,0.0,38.0,True,False
blocksworld,0_10,2,0.8966166973114014,0.0,38.0,True,False
blocksworld,0_10,3,1.0453662872314453,0.0,38.0,True,False
blocksworld,0_10,4,1.062431812286377,0.0,38.0,True,False
blocksworld,0_11,0,1.335615634918213,0.0,48.0,True,False
blocksworld,0_11,1,1.1260974407196045,0.0,48.0,True,False
blocksworld,0_11,2,1.309898853302002,0.0,48.0,True,False
blocksworld,0_11,3,1.3580644130706787,0.0,48.0,True,False
blocksworld,0_11,4,1.1467888355255127,0.0,48.0,True,False
blocksworld,0_12,0,1.3028664588928223,0.0,46.0,True,False
blocksworld,0_12,1,1.1802213191986084,0.0,44.0,True,False
blocksworld,0_12,2,1.2330501079559326,0.0,44.0,True,False
blocksworld,0_12,3,1.2040085792541504,0.0,44.0,True,False
blocksworld,0_12,4,1.1759281158447266,0.0,44.0,True,False
blocksworld,0_13,0,1.4494993686676025,0.0,46.0,True,False
blocksworld,0_13,1,1.4836242198944092,0.0,46.0,True,False
blocksworld,0_13,2,1.479767084121704,0.0,48.0,True,False
blocksworld,0_13,3,1.3862073421478271,0.0,48.0,True,False
blocksworld,0_13,4,1.4540743827819824,0.0,48.0,True,False
blocksworld,0_14,0,1.2994370460510254,0.0,50.0,True,False
blocksworld,0_14,1,1.3624002933502197,0.0,50.0,True,False
blocksworld,0_14,2,1.341088056564331,0.0,48.0,True,False
blocksworld,0_14,3,1.2910244464874268,0.0,46.0,True,False
blocksworld,0_14,4,1.3499207496643066,0.0,44.0,True,False
blocksworld,0_15,0,1.5827968120574951,0.0,52.0,True,False
blocksworld,0_15,1,1.4272964000701904,0.0,54.0,True,False
blocksworld,0_15,2,1.51155686378479,0.0,54.0,True,False
blocksworld,0_15,3,1.4439070224761963,0.0,54.0,True,False
blocksworld,0_15,4,1.5679469108581543,0.0,54.0,True,False
blocksworld,0_16,0,1.9811272621154785,0.0,60.0,True,False
blocksworld,0_16,1,1.5761175155639648,0.0,58.0,True,False
blocksworld,0_16,2,1.7001616954803467,0.0,60.0,True,False
blocksworld,0_16,3,1.6857588291168213,0.0,60.0,True,False
blocksworld,0_16,4,1.814385175704956,0.0,60.0,True,False
blocksworld,0_17,0,1.6231107711791992,0.0,60.0,True,False
blocksworld,0_17,1,1.67751145362854,0.0,60.0,True,False
blocksworld,0_17,2,1.5649394989013672,0.0,60.0,True,False
blocksworld,0_17,3,1.6517407894134521,0.0,60.0,True,False
blocksworld,0_17,4,1.656724452972412,0.0,60.0,True,False
blocksworld,0_18,0,1.7633752822875977,0.0,54.0,True,False
blocksworld,0_18,1,1.7610609531402588,0.0,54.0,True,False
blocksworld,0_18,2,1.9119267463684082,0.0,54.0,True,False
blocksworld,0_18,3,1.492293119430542,0.0,56.0,True,False
blocksworld,0_18,4,1.688394546508789,0.0,56.0,True,False
blocksworld,0_19,0,1.5982697010040283,0.0,60.0,True,False
blocksworld,0_19,1,1.792125940322876,0.0,60.0,True,False
blocksworld,0_19,2,1.794795036315918,0.0,60.0,True,False
blocksworld,0_19,3,1.8123815059661865,0.0,62.0,True,False
blocksworld,0_19,4,1.7515206336975098,0.0,60.0,True,False
blocksworld,0_20,0,1.8628463745117188,0.0,56.0,True,False
blocksworld,0_20,1,1.9030187129974365,0.0,56.0,True,False
blocksworld,0_20,2,1.3979814052581787,0.0,56.0,True,False
blocksworld,0_20,3,1.651702642440796,0.0,56.0,True,False
blocksworld,0_20,4,1.7593662738800049,0.0,56.0,True,False
blocksworld,0_21,0,1.6506702899932861,0.0,62.0,True,False
blocksworld,0_21,1,1.8739221096038818,0.0,62.0,True,False
blocksworld,0_21,2,1.9828987121582031,0.0,64.0,True,False
blocksworld,0_21,3,1.9200263023376465,0.0,62.0,True,False
blocksworld,0_21,4,1.6820578575134277,0.0,62.0,True,False
blocksworld,0_22,0,2.5646610260009766,0.0,78.0,True,False
blocksworld,0_22,1,2.3241381645202637,0.0,78.0,True,False
blocksworld,0_22,2,2.3727304935455322,0.0,78.0,True,False
blocksworld,0_22,3,2.3424246311187744,0.0,78.0,True,False
blocksworld,0_22,4,2.2998905181884766,0.0,78.0,True,False
blocksworld,0_23,0,2.0035572052001953,0.0,66.0,True,False
blocksworld,0_23,1,1.7824816703796387,0.0,66.0,True,False
blocksworld,0_23,2,2.194794178009033,0.0,66.0,True,False
blocksworld,0_23,3,2.0018298625946045,0.0,66.0,True,False
blocksworld,0_23,4,1.8969433307647705,0.0,66.0,True,False
blocksworld,0_24,0,2.5110678672790527,0.0,80.0,True,False
blocksworld,0_24,1,2.462193012237549,0.0,84.0,True,False
blocksworld,0_24,2,2.563781499862671,0.0,82.0,True,False
blocksworld,0_24,3,2.9262757301330566,0.0,82.0,True,False
blocksworld,0_24,4,2.7190167903900146,0.0,84.0,True,False
blocksworld,0_25,0,3.049112319946289,0.0,86.0,True,False
blocksworld,0_25,1,3.0330169200897217,0.0,90.0,True,False
blocksworld,0_25,2,2.992403984069824,0.0,88.0,True,False
blocksworld,0_25,3,3.43851375579834,0.0,90.0,True,False
blocksworld,0_25,4,3.011896848678589,0.0,90.0,True,False
blocksworld,0_26,0,2.908473491668701,0.0,80.0,True,False
blocksworld,0_26,1,2.884493589401245,0.0,84.0,True,False
blocksworld,0_26,2,2.4176785945892334,0.0,80.0,True,False
blocksworld,0_26,3,2.674593210220337,0.0,82.0,True,False
blocksworld,0_26,4,2.8463869094848633,0.0,80.0,True,False
blocksworld,0_27,0,2.2541563510894775,0.0,72.0,True,False
blocksworld,0_27,1,2.1434128284454346,0.0,72.0,True,False
blocksworld,0_27,2,2.1924502849578857,0.0,74.0,True,False
blocksworld,0_27,3,2.2349331378936768,0.0,74.0,True,False
blocksworld,0_27,4,2.189549446105957,0.0,72.0,True,False
blocksworld,0_28,0,2.898576498031616,0.0,90.0,True,False
blocksworld,0_28,1,2.9927475452423096,0.0,90.0,True,False
blocksworld,0_28,2,3.050400733947754,0.0,90.0,True,False
blocksworld,0_28,3,3.085561990737915,0.0,90.0,True,False
blocksworld,0_28,4,2.7349658012390137,0.0,90.0,True,False
blocksworld,0_29,0,2.7805874347686768,0.0,82.0,True,False
blocksworld,0_29,1,2.639158010482788,0.0,82.0,True,False
blocksworld,0_29,2,2.8544723987579346,0.0,82.0,True,False
blocksworld,0_29,3,2.618927240371704,0.0,84.0,True,False
blocksworld,0_29,4,2.6036224365234375,0.0,82.0,True,False
blocksworld,0_30,0,3.068131923675537,0.0,96.0,True,False
blocksworld,0_30,1,3.2930335998535156,0.0,92.0,True,False
blocksworld,0_30,2,4.0067384243011475,0.0,94.0,True,False
blocksworld,0_30,3,3.089930772781372,0.0,98.0,True,False
blocksworld,0_30,4,3.0505988597869873,0.0,94.0,True,False
blocksworld,1_01,0,4.150620460510254,0.0,118.0,True,False
blocksworld,1_01,1,3.957261562347412,0.0,118.0,True,False
blocksworld,1_01,2,3.8515594005584717,0.0,118.0,True,False
blocksworld,1_01,3,4.347586631774902,0.0,118.0,True,False
blocksworld,1_01,4,4.119344234466553,0.0,118.0,True,False
blocksworld,1_02,0,4.734769105911255,0.0,124.0,True,False
blocksworld,1_02,1,4.404711723327637,0.0,124.0,True,False
blocksworld,1_02,2,4.733846664428711,0.0,124.0,True,False
blocksworld,1_02,3,4.939496994018555,0.0,124.0,True,False
blocksworld,1_02,4,5.0273942947387695,0.0,124.0,True,False
blocksworld,1_03,0,4.775322914123535,0.0,136.0,True,False
blocksworld,1_03,1,4.80192756652832,0.0,134.0,True,False
blocksworld,1_03,2,4.756152629852295,0.0,134.0,True,False
blocksworld,1_03,3,5.0188939571380615,0.0,132.0,True,False
blocksworld,1_03,4,5.09727931022644,0.0,136.0,True,False
blocksworld,1_04,0,6.519670486450195,0.0,156.0,True,False
blocksworld,1_04,1,6.495163440704346,0.0,162.0,True,False
blocksworld,1_04,2,6.920284748077393,0.0,162.0,True,False
blocksworld,1_04,3,6.618788719177246,0.0,160.0,True,False
blocksworld,1_04,4,6.529019832611084,0.0,158.0,True,False
blocksworld,1_05,0,8.013286113739014,0.0,164.0,True,False
blocksworld,1_05,1,6.955901861190796,0.0,164.0,True,False
blocksworld,1_05,2,7.546430826187134,0.0,164.0,True,False
blocksworld,1_05,3,7.126382827758789,0.0,164.0,True,False
blocksworld,1_05,4,6.677541732788086,0.0,164.0,True,False
blocksworld,1_06,0,7.1003477573394775,0.0,164.0,True,False
blocksworld,1_06,1,6.878357410430908,0.0,162.0,True,False
blocksworld,1_06,2,7.033727645874023,0.0,164.0,True,False
blocksworld,1_06,3,7.409242630004883,0.0,166.0,True,False
blocksworld,1_06,4,7.314176559448242,0.0,164.0,True,False
blocksworld,1_07,0,9.12629508972168,0.0,192.0,True,False
blocksworld,1_07,1,8.918560266494751,0.0,192.0,True,False
blocksworld,1_07,2,8.549970626831055,0.0,194.0,True,False
blocksworld,1_07,3,8.749507904052734,0.0,190.0,True,False
blocksworld,1_07,4,8.901053667068481,0.0,190.0,True,False
blocksworld,1_08,0,11.721682786941528,0.0,200.0,True,False
blocksworld,1_08,1,12.0280282497406,0.0,198.0,True,False
blocksworld,1_08,2,11.723594427108765,0.0,200.0,True,False
blocksworld,1_08,3,11.738076448440552,0.0,200.0,True,False
blocksworld,1_08,4,12.213501691818237,0.0,198.0,True,False
blocksworld,1_09,0,10.744475603103638,0.0,202.0,True,False
blocksworld,1_09,1,12.007395505905151,0.0,212.0,True,False
blocksworld,1_09,2,11.601030349731445,0.0,208.0,True,False
blocksworld,1_09,3,11.393348455429077,0.0,214.0,True,False
blocksworld,1_09,4,12.266450881958008,0.0,210.0,True,False
blocksworld,1_10,0,12.73685908317566,0.0,216.0,True,False
blocksworld,1_10,1,12.66956639289856,0.0,218.0,True,False
blocksworld,1_10,2,13.236194133758545,0.0,228.0,True,False
blocksworld,1_10,3,12.609736919403076,0.0,222.0,True,False
blocksworld,1_10,4,12.763819217681885,0.0,216.0,True,False
blocksworld,1_11,0,14.833102941513062,0.0,232.0,True,False
blocksworld,1_11,1,15.58854603767395,0.0,234.0,True,False
blocksworld,1_11,2,15.464713335037231,0.0,236.0,True,False
blocksworld,1_11,3,15.124865531921387,0.0,236.0,True,False
blocksworld,1_11,4,15.610277891159058,0.0,234.0,True,False
blocksworld,1_12,0,18.127681016921997,0.0,258.0,True,False
blocksworld,1_12,1,18.283854961395264,0.0,258.0,True,False
blocksworld,1_12,2,18.023349285125732,0.0,264.0,True,False
blocksworld,1_12,3,18.833847284317017,0.0,264.0,True,False
blocksworld,1_12,4,18.496021270751953,0.0,264.0,True,False
blocksworld,1_13,0,21.719343185424805,0.0,278.0,True,False
blocksworld,1_13,1,20.28514266014099,0.0,282.0,True,False
blocksworld,1_13,2,20.856317043304443,0.0,288.0,True,False
blocksworld,1_13,3,23.179312705993652,0.0,278.0,True,False
blocksworld,1_13,4,21.29583740234375,0.0,278.0,True,False
blocksworld,1_14,0,21.569995164871216,0.0,278.0,True,False
blocksworld,1_14,1,18.790048837661743,0.0,274.0,True,False
blocksworld,1_14,2,18.73836922645569,0.0,276.0,True,False
blocksworld,1_14,3,18.87159252166748,0.0,278.0,True,False
blocksworld,1_14,4,18.9081027507782,0.0,270.0,True,False
blocksworld,1_15,0,22.630914449691772,0.0,282.0,True,False
blocksworld,1_15,1,22.982916116714478,0.0,288.0,True,False
blocksworld,1_15,2,22.954078435897827,0.0,288.0,True,False
blocksworld,1_15,3,21.75668168067932,0.0,292.0,True,False
blocksworld,1_15,4,22.05579400062561,0.0,288.0,True,False
blocksworld,1_16,0,26.349777221679688,0.0,294.0,True,False
blocksworld,1_16,1,24.539294958114624,0.0,304.0,True,False
blocksworld,1_16,2,24.11261510848999,0.0,290.0,True,False
blocksworld,1_16,3,27.029884815216064,0.0,304.0,True,False
blocksworld,1_16,4,26.429161548614502,0.0,292.0,True,False
blocksworld,1_17,0,25.56540060043335,0.0,310.0,True,False
blocksworld,1_17,1,25.219691514968872,0.0,302.0,True,False
blocksworld,1_17,2,24.896135568618774,0.0,304.0,True,False
blocksworld,1_17,3,25.722960710525513,0.0,308.0,True,False
blocksworld,1_17,4,26.1196026802063,0.0,304.0,True,False
blocksworld,1_18,0,28.781776428222656,0.0,342.0,True,False
blocksworld,1_18,1,29.13191795349121,0.0,338.0,True,False
blocksworld,1_18,2,31.618597984313965,0.0,338.0,True,False
blocksworld,1_18,3,33.750359535217285,0.0,342.0,True,False
blocksworld,1_18,4,32.16649413108826,0.0,346.0,True,False
blocksworld,1_19,0,36.03007507324219,0.0,346.0,True,False
blocksworld,1_19,1,35.91220736503601,0.0,348.0,True,False
blocksworld,1_19,2,37.868084192276,0.0,342.0,True,False
blocksworld,1_19,3,39.50673532485962,0.0,342.0,True,False
blocksworld,1_19,4,34.622567653656006,0.0,340.0,True,False
blocksworld,1_20,0,36.99217200279236,0.0,360.0,True,False
blocksworld,1_20,1,41.784525871276855,0.0,356.0,True,False
blocksworld,1_20,2,35.180999755859375,0.0,352.0,True,False
blocksworld,1_20,3,37.64892506599426,0.0,356.0,True,False
blocksworld,1_20,4,36.81109094619751,0.0,358.0,True,False
blocksworld,1_21,0,39.67604899406433,0.0,370.0,True,False
blocksworld,1_21,1,39.06334447860718,0.0,368.0,True,False
blocksworld,1_21,2,42.206506967544556,0.0,366.0,True,False
blocksworld,1_21,3,39.79428958892822,0.0,364.0,True,False
blocksworld,1_21,4,36.83041477203369,0.0,370.0,True,False
blocksworld,1_22,0,40.64764451980591,0.0,380.0,True,False
blocksworld,1_22,1,39.73197102546692,0.0,380.0,True,False
blocksworld,1_22,2,41.59317946434021,0.0,378.0,True,False
blocksworld,1_22,3,43.73517918586731,0.0,370.0,True,False
blocksworld,1_22,4,39.5865638256073,0.0,378.0,True,False
blocksworld,1_23,0,54.66140627861023,0.0,416.0,True,False
blocksworld,1_23,1,54.73254871368408,0.0,416.0,True,False
blocksworld,1_23,2,49.58224654197693,0.0,416.0,True,False
blocksworld,1_23,3,54.381054401397705,0.0,416.0,True,False
blocksworld,1_23,4,50.822927474975586,0.0,412.0,True,False
blocksworld,1_24,0,47.6767144203186,0.0,394.0,True,False
blocksworld,1_24,1,48.929359912872314,0.0,394.0,True,False
blocksworld,1_24,2,47.143107652664185,0.0,398.0,True,False
blocksworld,1_24,3,45.88323640823364,0.0,390.0,True,False
blocksworld,1_24,4,49.366052865982056,0.0,390.0,True,False
blocksworld,1_25,0,57.13866996765137,0.0,412.0,True,False
blocksworld,1_25,1,59.658021450042725,0.0,422.0,True,False
blocksworld,1_25,2,54.671340227127075,0.0,424.0,True,False
blocksworld,1_25,3,54.510265588760376,0.0,424.0,True,False
blocksworld,1_25,4,53.09755754470825,0.0,414.0,True,False
blocksworld,1_26,0,59.23531460762024,0.0,442.0,True,False
blocksworld,1_26,1,60.68473720550537,0.0,440.0,True,False
blocksworld,1_26,2,59.770994663238525,0.0,442.0,True,False
blocksworld,1_26,3,59.273380517959595,0.0,436.0,True,False
blocksworld,1_26,4,62.15541648864746,0.0,448.0,True,False
blocksworld,1_27,0,73.16989421844482,0.0,442.0,True,False
blocksworld,1_27,1,65.57307195663452,0.0,448.0,True,False
blocksworld,1_27,2,72.89777255058289,0.0,446.0,True,False
blocksworld,1_27,3,77.31538558006287,0.0,444.0,True,False
blocksworld,1_27,4,69.22798943519592,0.0,444.0,True,False
blocksworld,1_28,0,58.682581663131714,0.0,426.0,True,False
blocksworld,1_28,1,58.85109758377075,0.0,438.0,True,False
blocksworld,1_28,2,59.24025797843933,0.0,438.0,True,False
blocksworld,1_28,3,56.450419664382935,0.0,434.0,True,False
blocksworld,1_28,4,58.31180548667908,0.0,428.0,True,False
blocksworld,1_29,0,69.19050884246826,0.0,466.0,True,False
blocksworld,1_29,1,74.33375144004822,0.0,464.0,True,False
blocksworld,1_29,2,70.25499081611633,0.0,456.0,True,False
blocksworld,1_29,3,72.7562358379364,0.0,460.0,True,False
blocksworld,1_29,4,67.46438431739807,0.0,458.0,True,False
blocksworld,1_30,0,99.93005800247192,0.0,520.0,True,False
blocksworld,1_30,1,101.70726823806763,0.0,522.0,True,False
blocksworld,1_30,2,101.91247916221619,0.0,516.0,True,False
blocksworld,1_30,3,99.29104232788086,0.0,516.0,True,False
blocksworld,1_30,4,99.0052444934845,0.0,516.0,True,False
ferry,0_01,0,0.30289649963378906,0.0,8.0,True,False
ferry,0_01,1,0.33763718605041504,0.0,8.0,True,False
ferry,0_01,2,0.3807032108306885,0.0,8.0,True,False
ferry,0_01,3,0.39043259620666504,0.0,8.0,True,False
ferry,0_01,4,0.3012547492980957,0.0,8.0,True,False
ferry,0_02,0,0.19219613075256348,0.0,8.0,True,False
ferry,0_02,1,0.30249619483947754,0.0,8.0,True,False
ferry,0_02,2,0.3686695098876953,0.0,8.0,True,False
ferry,0_02,3,0.3690950870513916,0.0,8.0,True,False
ferry,0_02,4,0.40807080268859863,0.0,8.0,True,False
ferry,0_03,0,0.33673906326293945,0.0,12.0,True,False
ferry,0_03,1,0.30211949348449707,0.0,12.0,True,False
ferry,0_03,2,0.41425061225891113,0.0,12.0,True,False
ferry,0_03,3,0.4801325798034668,0.0,12.0,True,False
ferry,0_03,4,0.36259937286376953,0.0,12.0,True,False
ferry,0_04,0,0.44373393058776855,0.0,11.0,True,False
ferry,0_04,1,0.47247910499572754,0.0,11.0,True,False
ferry,0_04,2,0.4282066822052002,0.0,11.0,True,False
ferry,0_04,3,0.47557640075683594,0.0,11.0,True,False
ferry,0_04,4,0.3639061450958252,0.0,11.0,True,False
ferry,0_05,0,0.5461893081665039,0.0,15.0,True,False
ferry,0_05,1,0.5527644157409668,0.0,15.0,True,False
ferry,0_05,2,0.672532320022583,0.0,15.0,True,False
ferry,0_05,3,0.5022189617156982,0.0,15.0,True,False
ferry,0_05,4,0.5245881080627441,0.0,15.0,True,False
ferry,0_06,0,0.5830566883087158,0.0,18.0,True,False
ferry,0_06,1,0.6391425132751465,0.0,20.0,True,False
ferry,0_06,2,0.6089906692504883,0.0,19.0,True,False
ferry,0_06,3,0.5782034397125244,0.0,19.0,True,False
ferry,0_06,4,0.5780529975891113,0.0,19.0,True,False
ferry,0_07,0,0.635260820388794,0.0,19.0,True,False
ferry,0_07,1,0.5271522998809814,0.0,20.0,True,False
ferry,0_07,2,0.5943422317504883,0.0,19.0,True,False
ferry,0_07,3,0.5708563327789307,0.0,19.0,True,False
ferry,0_07,4,0.5732712745666504,0.0,19.0,True,False
ferry,0_08,0,0.7460129261016846,0.0,23.0,True,False
ferry,0_08,1,0.635918378829956,0.0,24.0,True,False
ferry,0_08,2,0.8252480030059814,0.0,23.0,True,False
ferry,0_08,3,0.5831496715545654,0.0,24.0,True,False
ferry,0_08,4,0.7932395935058594,0.0,24.0,True,False
ferry,0_09,0,0.7500543594360352,0.0,24.0,True,False
ferry,0_09,1,0.754270076751709,0.0,25.0,True,False
ferry,0_09,2,0.8309645652770996,0.0,25.0,True,False
ferry,0_09,3,0.6021327972412109,0.0,26.0,True,False
ferry,0_09,4,0.767890214920044,0.0,26.0,True,False
ferry,0_10,0,0.681408166885376,0.0,27.0,True,False
ferry,0_10,1,0.7248439788818359,0.0,27.0,True,False
ferry,0_10,2,0.8668045997619629,0.0,27.0,True,False
ferry,0_10,3,0.7696545124053955,0.0,26.0,True,False
ferry,0_10,4,0.7556123733520508,0.0,27.0,True,False
ferry,0_11,0,1.0358612537384033,0.0,32.0,True,False
ferry,0_11,1,0.8306925296783447,0.0,32.0,True,False
ferry,0_11,2,0.9904744625091553,0.0,30.0,True,False
ferry,0_11,3,0.8534245491027832,0.0,31.0,True,False
ferry,0_11,4,0.9011390209197998,0.0,31.0,True,False
ferry,0_12,0,0.9184780120849609,0.0,29.0,True,False
ferry,0_12,1,0.9692394733428955,0.0,29.0,True,False
ferry,0_12,2,0.9292149543762207,0.0,29.0,True,False
ferry,0_12,3,0.8425588607788086,0.0,30.0,True,False
ferry,0_12,4,0.8063015937805176,0.0,30.0,True,False
ferry,0_13,0,0.9078238010406494,0.0,32.0,True,False
ferry,0_13,1,0.9448187351226807,0.0,34.0,True,False
ferry,0_13,2,0.8364055156707764,0.0,33.0,True,False
ferry,0_13,3,0.990699291229248,0.0,34.0,True,False
ferry,0_13,4,1.0027844905853271,0.0,33.0,True,False
ferry,0_14,0,1.0345003604888916,0.0,34.0,True,False
ferry,0_14,1,0.9541206359863281,0.0,34.0,True,False
ferry,0_14,2,0.9487872123718262,0.0,35.0,True,False
ferry,0_14,3,0.9269509315490723,0.0,36.0,True,False
ferry,0_14,4,0.8630006313323975,0.0,35.0,True,False
ferry,0_15,0,1.0261621475219727,0.0,38.0,True,False
ferry,0_15,1,1.0359575748443604,0.0,37.0,True,False
ferry,0_15,2,0.9735007286071777,0.0,38.0,True,False
ferry,0_15,3,1.021949291229248,0.0,38.0,True,False
ferry,0_15,4,0.8364288806915283,0.0,38.0,True,False
ferry,0_16,0,1.097177505493164,0.0,41.0,True,False
ferry,0_16,1,1.1302812099456787,0.0,41.0,True,False
ferry,0_16,2,0.918198823928833,0.0,41.0,True,False
ferry,0_16,3,0.9554669857025146,0.0,41.0,True,False
ferry,0_16,4,0.9840002059936523,0.0,40.0,True,False
ferry,0_17,0,1.095919132232666,0.0,45.0,True,False
ferry,0_17,1,1.1585416793823242,0.0,45.0,True,False
ferry,0_17,2,1.1378040313720703,0.0,45.0,True,False
ferry,0_17,3,1.1459534168243408,0.0,45.0,True,False
ferry,0_17,4,1.2481179237365723,0.0,46.0,True,False
ferry,0_18,0,1.019094705581665,0.0,42.0,True,False
ferry,0_18,1,1.2093334197998047,0.0,43.0,True,False
ferry,0_18,2,0.9432823657989502,0.0,43.0,True,False
ferry,0_18,3,1.038926362991333,0.0,42.0,True,False
ferry,0_18,4,1.0890889167785645,0.0,40.0,True,False
ferry,0_19,0,1.152585506439209,0.0,45.0,True,False
ferry,0_19,1,1.0045368671417236,0.0,44.0,True,False
ferry,0_19,2,1.1016855239868164,0.0,47.0,True,False
ferry,0_19,3,1.0693981647491455,0.0,44.0,True,False
ferry,0_19,4,1.246206283569336,0.0,44.0,True,False
ferry,0_20,0,1.2451918125152588,0.0,53.0,True,False
ferry,0_20,1,1.1771914958953857,0.0,51.0,True,False
ferry,0_20,2,1.1599125862121582,0.0,52.0,True,False
ferry,0_20,3,1.3005561828613281,0.0,52.0,True,False
ferry,0_20,4,1.3433489799499512,0.0,50.0,True,False
ferry,0_21,0,1.4490530490875244,0.0,51.0,True,False
ferry,0_21,1,1.3032457828521729,0.0,50.0,True,False
ferry,0_21,2,1.1714749336242676,0.0,49.0,True,False
ferry,0_21,3,1.209867000579834,0.0,49.0,True,False
ferry,0_21,4,1.3429138660430908,0.0,53.0,True,False
ferry,0_22,0,1.2440669536590576,0.0,52.0,True,False
ferry,0_22,1,1.2687852382659912,0.0,51.0,True,False
ferry,0_22,2,1.0610294342041016,0.0,51.0,True,False
ferry,0_22,3,1.2451982498168945,0.0,50.0,True,False
ferry,0_22,4,1.2559473514556885,0.0,50.0,True,False
ferry,0_23,0,1.1995582580566406,0.0,54.0,True,False
ferry,0_23,1,1.4905900955200195,0.0,54.0,True,False
ferry,0_23,2,1.3533177375793457,0.0,54.0,True,False
ferry,0_23,3,1.2920145988464355,0.0,54.0,True,False
ferry,0_23,4,1.3698959350585938,0.0,53.0,True,False
ferry,0_24,0,1.4215426445007324,0.0,58.0,True,False
ferry,0_24,1,1.4867229461669922,0.0,58.0,True,False
ferry,0_24,2,1.4315721988677979,0.0,58.0,True,False
ferry,0_24,3,1.7025396823883057,0.0,58.0,True,False
ferry,0_24,4,1.4515573978424072,0.0,61.0,True,False
ferry,0_25,0,1.5205261707305908,0.0,62.0,True,False
ferry,0_25,1,1.692246913909912,0.0,63.0,True,False
ferry,0_25,2,1.549919843673706,0.0,60.0,True,False
ferry,0_25,3,1.5305933952331543,0.0,64.0,True,False
ferry,0_25,4,1.4998090267181396,0.0,62.0,True,False
ferry,0_26,0,1.427239179611206,0.0,60.0,True,False
ferry,0_26,1,1.5397965908050537,0.0,60.0,True,False
ferry,0_26,2,1.4142417907714844,0.0,62.0,True,False
ferry,0_26,3,1.4365127086639404,0.0,59.0,True,False
ferry,0_26,4,1.5004165172576904,0.0,61.0,True,False
ferry,0_27,0,1.6550664901733398,0.0,64.0,True,False
ferry,0_27,1,1.722017526626587,0.0,61.0,True,False
ferry,0_27,2,1.5191102027893066,0.0,61.0,True,False
ferry,0_27,3,1.5044028759002686,0.0,60.0,True,False
ferry,0_27,4,1.6555798053741455,0.0,61.0,True,False
ferry,0_28,0,1.9701478481292725,0.0,68.0,True,False
ferry,0_28,1,1.6738924980163574,0.0,67.0,True,False
ferry,0_28,2,1.687964916229248,0.0,69.0,True,False
ferry,0_28,3,1.6268155574798584,0.0,68.0,True,False
ferry,0_28,4,1.7125403881072998,0.0,70.0,True,False
ferry,0_29,0,1.7604291439056396,0.0,67.0,True,False
ferry,0_29,1,1.7660512924194336,0.0,66.0,True,False
ferry,0_29,2,1.465423822402954,0.0,66.0,True,False
ferry,0_29,3,1.7396714687347412,0.0,69.0,True,False
ferry,0_29,4,1.7126476764678955,0.0,68.0,True,False
ferry,0_30,0,1.7671246528625488,0.0,74.0,True,False
ferry,0_30,1,1.7284414768218994,0.0,75.0,True,False
ferry,0_30,2,1.864938497543335,0.0,76.0,True,False
ferry,0_30,3,2.2099928855895996,0.0,75.0,True,False
ferry,0_30,4,2.0023655891418457,0.0,75.0,True,False
ferry,1_01,0,0.8803412914276123,0.0,37.0,True,False
ferry,1_01,1,0.8848850727081299,0.0,37.0,True,False
ferry,1_01,2,1.0040812492370605,0.0,38.0,True,False
ferry,1_01,3,1.1040375232696533,0.0,37.0,True,False
ferry,1_01,4,1.0368895530700684,0.0,36.0,True,False
ferry,1_02,0,1.2979907989501953,0.0,50.0,True,False
ferry,1_02,1,1.2877178192138672,0.0,49.0,True,False
ferry,1_02,2,1.1852812767028809,0.0,51.0,True,False
ferry,1_02,3,1.2290709018707275,0.0,49.0,True,False
ferry,1_02,4,1.3454599380493164,0.0,50.0,True,False
ferry,1_03,0,1.5165724754333496,0.0,61.0,True,False
ferry,1_03,1,1.4681932926177979,0.0,61.0,True,False
ferry,1_03,2,1.5594046115875244,0.0,61.0,True,False
ferry,1_03,3,1.5196073055267334,0.0,62.0,True,False
ferry,1_03,4,1.5350143909454346,0.0,61.0,True,False
ferry,1_04,0,1.5804171562194824,0.0,70.0,True,False
ferry,1_04,1,1.806612491607666,0.0,69.0,True,False
ferry,1_04,2,1.7628889083862305,0.0,70.0,True,False
ferry,1_04,3,1.7839138507843018,0.0,69.0,True,False
ferry,1_04,4,1.7329950332641602,0.0,69.0,True,False
ferry,1_05,0,2.2922115325927734,0.0,78.0,True,False
ferry,1_05,1,1.9962036609649658,0.0,76.0,True,False
ferry,1_05,2,2.170881986618042,0.0,77.0,True,False
ferry,1_05,3,1.980337142944336,0.0,76.0,True,False
ferry,1_05,4,1.8109028339385986,0.0,77.0,True,False
ferry,1_06,0,2.634993076324463,0.0,91.0,True,False
ferry,1_06,1,3.0130703449249268,0.0,95.0,True,False
ferry,1_06,2,2.4288578033447266,0.0,93.0,True,False
ferry,1_06,3,2.7144834995269775,0.0,92.0,True,False
ferry,1_06,4,2.561767578125,0.0,95.0,True,False
ferry,1_07,0,2.945305109024048,0.0,104.0,True,False
ferry,1_07,1,3.2878079414367676,0.0,103.0,True,False
ferry,1_07,2,2.7279231548309326,0.0,105.0,True,False
ferry,1_07,3,2.734469413757324,0.0,103.0,True,False
ferry,1_07,4,2.8833768367767334,0.0,106.0,True,False
ferry,1_08,0,3.0104455947875977,0.0,108.0,True,False
ferry,1_08,1,3.419774055480957,0.0,107.0,True,False
ferry,1_08,2,3.4589695930480957,0.0,113.0,True,False
ferry,1_08,3,3.3008556365966797,0.0,108.0,True,False
ferry,1_08,4,2.8717563152313232,0.0,107.0,True,False
ferry,1_09,0,3.572781801223755,0.0,125.0,True,False
ferry,1_09,1,3.9878101348876953,0.0,122.0,True,False
ferry,1_09,2,3.85904860496521,0.0,125.0,True,False
ferry,1_09,3,3.739898443222046,0.0,123.0,True,False
ferry,1_09,4,3.83363938331604,0.0,123.0,True,False
ferry,1_10,0,4.150940895080566,0.0,134.0,True,False
ferry,1_10,1,4.71288800239563,0.0,134.0,True,False
ferry,1_10,2,4.333875417709351,0.0,132.0,True,False
ferry,1_10,3,3.8925023078918457,0.0,134.0,True,False
ferry,1_10,4,4.153602838516235,0.0,130.0,True,False
ferry,1_11,0,4.618379831314087,0.0,146.0,True,False
ferry,1_11,1,4.3579652309417725,0.0,147.0,True,False
ferry,1_11,2,4.547489881515503,0.0,143.0,True,False
ferry,1_11,3,4.377450704574585,0.0,143.0,True,False
ferry,1_11,4,4.697898864746094,0.0,143.0,True,False
ferry,1_12,0,4.964539051055908,0.0,157.0,True,False
ferry,1_12,1,5.171082973480225,0.0,157.0,True,False
ferry,1_12,2,4.672916650772095,0.0,155.0,True,False
ferry,1_12,3,4.8917553424835205,0.0,156.0,True,False
ferry,1_12,4,4.938146591186523,0.0,156.0,True,False
ferry,1_13,0,5.298966407775879,0.0,165.0,True,False
ferry,1_13,1,5.082129955291748,0.0,166.0,True,False
ferry,1_13,2,5.10549521446228,0.0,164.0,True,False
ferry,1_13,3,5.327500581741333,0.0,165.0,True,False
ferry,1_13,4,5.406645059585571,0.0,168.0,True,False
ferry,1_14,0,5.507791996002197,0.0,172.0,True,False
ferry,1_14,1,5.894757032394409,0.0,175.0,True,False
ferry,1_14,2,5.537003040313721,0.0,172.0,True,False
ferry,1_14,3,5.6775500774383545,0.0,174.0,True,False
ferry,1_14,4,5.723669528961182,0.0,174.0,True,False
ferry,1_15,0,6.286583185195923,0.0,187.0,True,False
ferry,1_15,1,6.262571334838867,0.0,189.0,True,False
ferry,1_15,2,6.3854660987854,0.0,184.0,True,False
ferry,1_15,3,6.347910642623901,0.0,185.0,True,False
ferry,1_15,4,6.085848093032837,0.0,183.0,True,False
ferry,1_16,0,6.723569631576538,0.0,198.0,True,False
ferry,1_16,1,6.732125282287598,0.0,197.0,True,False
ferry,1_16,2,7.40788459777832,0.0,193.0,True,False
ferry,1_16,3,7.089420557022095,0.0,197.0,True,False
ferry,1_16,4,6.896699905395508,0.0,199.0,True,False
ferry,1_17,0,7.10717511177063,0.0,201.0,True,False
ferry,1_17,1,6.962657451629639,0.0,204.0,True,False
ferry,1_17,2,7.091040849685669,0.0,199.0,True,False
ferry,1_17,3,7.558069229125977,0.0,199.0,True,False
ferry,1_17,4,7.440738677978516,0.0,201.0,True,False
ferry,1_18,0,7.955156087875366,0.0,214.0,True,False
ferry,1_18,1,8.544039011001587,0.0,210.0,True,False
ferry,1_18,2,8.268995523452759,0.0,208.0,True,False
ferry,1_18,3,8.071660041809082,0.0,211.0,True,False
ferry,1_18,4,7.871795415878296,0.0,215.0,True,False
ferry,1_19,0,8.842175722122192,0.0,232.0,True,False
ferry,1_19,1,9.059374570846558,0.0,234.0,True,False
ferry,1_19,2,8.78014087677002,0.0,237.0,True,False
ferry,1_19,3,9.209888219833374,0.0,237.0,True,False
ferry,1_19,4,8.772214889526367,0.0,235.0,True,False
ferry,1_20,0,8.77648115158081,0.0,234.0,True,False
ferry,1_20,1,9.027494430541992,0.0,234.0,True,False
ferry,1_20,2,9.026662826538086,0.0,234.0,True,False
ferry,1_20,3,8.943289756774902,0.0,231.0,True,False
ferry,1_20,4,9.078001976013184,0.0,234.0,True,False
ferry,1_21,0,10.027648210525513,0.0,241.0,True,False
ferry,1_21,1,10.141925573348999,0.0,247.0,True,False
ferry,1_21,2,10.040608882904053,0.0,249.0,True,False
ferry,1_21,3,9.823651313781738,0.0,241.0,True,False
ferry,1_21,4,10.054423093795776,0.0,247.0,True,False
ferry,1_22,0,11.16396689414978,0.0,250.0,True,False
ferry,1_22,1,10.856425046920776,0.0,261.0,True,False
ferry,1_22,2,10.346846342086792,0.0,253.0,True,False
ferry,1_22,3,10.839949369430542,0.0,251.0,True,False
ferry,1_22,4,10.747443914413452,0.0,260.0,True,False
ferry,1_23,0,12.127724885940552,0.0,269.0,True,False
ferry,1_23,1,11.139368295669556,0.0,270.0,True,False
ferry,1_23,2,11.200700283050537,0.0,273.0,True,False
ferry,1_23,3,11.585513353347778,0.0,272.0,True,False
ferry,1_23,4,11.569427490234375,0.0,273.0,True,False
ferry,1_24,0,12.114448070526123,0.0,279.0,True,False
ferry,1_24,1,12.09390902519226,0.0,280.0,True,False
ferry,1_24,2,11.873024702072144,0.0,280.0,True,False
ferry,1_24,3,12.840744733810425,0.0,282.0,True,False
ferry,1_24,4,12.108906745910645,0.0,281.0,True,False
ferry,1_25,0,13.24010705947876,0.0,290.0,True,False
ferry,1_25,1,13.012531280517578,0.0,289.0,True,False
ferry,1_25,2,13.113664150238037,0.0,289.0,True,False
ferry,1_25,3,13.052184104919434,0.0,290.0,True,False
ferry,1_25,4,13.111992835998535,0.0,294.0,True,False
ferry,1_26,0,14.565426111221313,0.0,299.0,True,False
ferry,1_26,1,15.388655662536621,0.0,300.0,True,False
ferry,1_26,2,13.889984607696533,0.0,296.0,True,False
ferry,1_26,3,14.488967418670654,0.0,303.0,True,False
ferry,1_26,4,15.842089176177979,0.0,303.0,True,False
ferry,1_27,0,16.27149987220764,0.0,315.0,True,False
ferry,1_27,1,16.499221324920654,0.0,314.0,True,False
ferry,1_27,2,15.148082971572876,0.0,314.0,True,False
ferry,1_27,3,16.5051691532135,0.0,313.0,True,False
ferry,1_27,4,16.051623582839966,0.0,316.0,True,False
ferry,1_28,0,16.640418529510498,0.0,322.0,True,False
ferry,1_28,1,16.507986783981323,0.0,314.0,True,False
ferry,1_28,2,17.80015206336975,0.0,316.0,True,False
ferry,1_28,3,16.610443353652954,0.0,323.0,True,False
ferry,1_28,4,16.712031602859497,0.0,315.0,True,False
ferry,1_29,0,16.92414426803589,0.0,334.0,True,False
ferry,1_29,1,16.53722095489502,0.0,332.0,True,False
ferry,1_29,2,16.914207696914673,0.0,337.0,True,False
ferry,1_29,3,18.366539478302002,0.0,328.0,True,False
ferry,1_29,4,20.509397268295288,0.0,330.0,True,False
ferry,1_30,0,18.15619134902954,0.0,340.0,True,False
ferry,1_30,1,19.21066927909851,0.0,345.0,True,False
ferry,1_30,2,18.028480291366577,0.0,347.0,True,False
ferry,1_30,3,17.878190517425537,0.0,339.0,True,False
ferry,1_30,4,18.48914361000061,0.0,348.0,True,False
rover,0_01,0,0.9735653400421143,0.0,10.0,True,False
rover,0_01,1,1.0928707122802734,0.0,10.0,True,False
rover,0_01,2,0.892932653427124,0.0,9.0,True,False
rover,0_01,3,0.9493823051452637,1.0,10.0,True,False
rover,0_01,4,1.017700433731079,1.0,10.0,True,False
rover,0_02,0,1.3889338970184326,0.0,17.0,True,False
rover,0_02,1,1.2622404098510742,0.0,18.0,True,False
rover,0_02,2,1.2156217098236084,0.0,18.0,True,False
rover,0_02,3,1.4808449745178223,0.0,18.0,True,False
rover,0_02,4,1.207714557647705,0.0,18.0,True,False
rover,0_03,0,1.4941213130950928,0.0,24.0,True,False
rover,0_03,1,1.6240248680114746,0.0,25.0,True,False
rover,0_03,2,1.6293325424194336,0.0,24.0,True,False
rover,0_03,3,1.7269608974456787,0.0,24.0,True,False
rover,0_03,4,1.695131778717041,0.0,24.0,True,False
rover,0_04,0,1.2817492485046387,0.0,20.0,True,False
rover,0_04,1,1.283113718032837,0.0,19.0,True,False
rover,0_04,2,1.4816060066223145,0.0,20.0,True,False
rover,0_04,3,1.5023086071014404,0.0,23.0,True,False
rover,0_04,4,1.2020478248596191,0.0,18.0,True,False
rover,0_05,0,0.8926668167114258,0.0,7.0,True,False
rover,0_05,1,0.7891373634338379,0.0,8.0,True,False
rover,0_05,2,0.5972256660461426,0.0,6.0,True,False
rover,0_05,3,0.858797550201416,0.0,9.0,True,False
rover,0_05,4,0.867241382598877,0.0,9.0,True,False
rover,0_06,0,1.5466690063476562,0.0,23.0,True,False
rover,0_06,1,1.4601695537567139,0.0,21.0,True,False
rover,0_06,2,1.7922289371490479,1.0,22.0,True,False
rover,0_06,3,1.785637617111206,0.0,21.0,True,False
rover,0_06,4,1.9603002071380615,0.0,21.0,True,False
rover,0_07,0,2.4363505840301514,1.0,39.0,True,False
rover,0_07,1,2.783198833465576,4.0,51.0,True,False
rover,0_07,2,2.47593092918396,0.0,38.0,True,False
rover,0_07,3,2.4289066791534424,1.0,41.0,True,False
rover,0_07,4,2.316488027572632,0.0,37.0,True,False
rover,0_08,0,1.5125930309295654,0.0,21.0,True,False
rover,0_08,1,1.4445281028747559,0.0,18.0,True,False
rover,0_08,2,1.5362999439239502,0.0,20.0,True,False
rover,0_08,3,1.517897129058838,0.0,20.0,True,False
rover,0_08,4,1.3906924724578857,0.0,19.0,True,False
rover,0_09,0,1.2508544921875,3.0,12.0,True,False
rover,0_09,1,1.1754279136657715,0.0,10.0,True,False
rover,0_09,2,0.8018622398376465,0.0,6.0,True,False
rover,0_09,3,1.2254395484924316,0.0,8.0,True,False
rover,0_09,4,0.8947687149047852,0.0,8.0,True,False
rover,0_10,0,2.0453438758850098,1.0,19.0,True,False
rover,0_10,1,2.1035068035125732,0.0,21.0,True,False
rover,0_10,2,1.4540929794311523,0.0,18.0,True,False
rover,0_10,3,1.7719593048095703,2.0,22.0,True,False
rover,0_10,4,1.885901689529419,0.0,18.0,True,False
rover,0_11,0,2.911409854888916,2.0,39.0,True,False
rover,0_11,1,2.265305995941162,1.0,28.0,True,False
rover,0_11,2,2.2788612842559814,0.0,27.0,True,False
rover,0_11,3,2.376075267791748,0.0,30.0,True,False
rover,0_11,4,2.166231632232666,0.0,29.0,True,False
rover,0_12,0,2.4901931285858154,0.0,31.0,True,False
rover,0_12,1,3.2239460945129395,3.0,34.0,True,False
rover,0_12,2,3.0302538871765137,4.0,41.0,True,False
rover,0_12,3,3.4191296100616455,2.0,40.0,True,False
rover,0_12,4,2.8547518253326416,3.0,36.0,True,False
rover,0_13,0,3.3319857120513916,0.0,43.0,True,False
rover,0_13,1,3.005099296569824,1.0,38.0,True,False
rover,0_13,2,2.7152981758117676,1.0,36.0,True,False
rover,0_13,3,3.1888539791107178,3.0,42.0,True,False
rover,0_13,4,3.395535469055176,2.0,40.0,True,False
rover,0_14,0,2.5603764057159424,2.0,33.0,True,False
rover,0_14,1,2.083712339401245,2.0,27.0,True,False
rover,0_14,2,2.4791781902313232,5.0,35.0,True,False
rover,0_14,3,2.3485541343688965,2.0,29.0,True,False
rover,0_14,4,2.3403780460357666,3.0,29.0,True,False
rover,0_15,0,3.8758153915405273,4.0,62.0,True,False
rover,0_15,1,4.923846244812012,6.0,63.0,True,False
rover,0_15,2,4.351564884185791,2.0,66.0,True,False
rover,0_15,3,3.9176411628723145,2.0,57.0,True,False
rover,0_15,4,3.8221428394317627,2.0,55.0,True,False
rover,0_16,0,2.8391523361206055,0.0,30.0,True,False
rover,0_16,1,2.8593556880950928,0.0,32.0,True,False
rover,0_16,2,2.4847145080566406,0.0,29.0,True,False
rover,0_16,3,2.9888322353363037,0.0,31.0,True,False
rover,0_16,4,2.460230588912964,0.0,30.0,True,False
rover,0_17,0,5.514800786972046,5.0,77.0,True,False
rover,0_17,1,4.759506940841675,1.0,57.0,True,False
rover,0_17,2,5.8818206787109375,4.0,85.0,True,False
rover,0_17,3,4.794300556182861,1.0,62.0,True,False
rover,0_17,4,6.099302530288696,6.0,73.0,True,False
rover,0_18,0,2.44254207611084,0.0,30.0,True,False
rover,0_18,1,2.58644700050354,0.0,31.0,True,False
rover,0_18,2,2.3985397815704346,0.0,28.0,True,False
rover,0_18,3,2.5930070877075195,0.0,29.0,True,False
rover,0_18,4,2.5468051433563232,0.0,30.0,True,False
rover,0_19,0,5.6617748737335205,3.0,86.0,True,False
rover,0_19,1,5.540546894073486,6.0,79.0,True,False
rover,0_19,2,6.77376389503479,8.0,93.0,True,False
rover,0_19,3,6.583542108535767,5.0,87.0,True,False
rover,0_19,4,5.788022994995117,2.0,81.0,True,False
rover,0_20,0,9.253418445587158,11.0,133.0,True,False
rover,0_20,1,8.593603134155273,2.0,114.0,True,False
rover,0_20,2,9.123119354248047,1.0,104.0,True,False
rover,0_20,3,8.368533611297607,3.0,103.0,True,False
rover,0_20,4,8.566703796386719,3.0,116.0,True,False
rover,0_21,0,4.197753429412842,0.0,44.0,True,False
rover,0_21,1,5.525859594345093,1.0,53.0,True,False
rover,0_21,2,4.62370753288269,0.0,50.0,True,False
rover,0_21,3,4.734599828720093,0.0,50.0,True,False
rover,0_21,4,3.460458755493164,0.0,40.0,True,False
rover,0_22,0,7.953143358230591,0.0,95.0,True,False
rover,0_22,1,9.248597621917725,0.0,111.0,True,False
rover,0_22,2,9.65808367729187,1.0,113.0,True,False
rover,0_22,3,8.178523063659668,0.0,97.0,True,False
rover,0_22,4,7.600617408752441,0.0,94.0,True,False
rover,0_23,0,6.245340824127197,1.0,88.0,True,False
rover,0_23,1,5.731179714202881,0.0,80.0,True,False
rover,0_23,2,6.08011794090271,1.0,83.0,True,False
rover,0_23,3,5.914736747741699,2.0,80.0,True,False
rover,0_23,4,7.073770523071289,0.0,84.0,True,False
rover,0_24,0,6.024297714233398,4.0,84.0,True,False
rover,0_24,1,7.7088706493377686,9.0,108.0,True,False
rover,0_24,2,6.200407028198242,2.0,81.0,True,False
rover,0_24,3,7.2691967487335205,3.0,101.0,True,False
rover,0_24,4,8.657417297363281,8.0,114.0,True,False
rover,0_25,0,5.790971279144287,0.0,58.0,True,False
rover,0_25,1,5.6979405879974365,2.0,62.0,True,False
rover,0_25,2,5.782438278198242,0.0,55.0,True,False
rover,0_25,3,6.589429616928101,0.0,63.0,True,False
rover,0_25,4,5.935133934020996,1.0,58.0,True,False
rover,0_26,0,5.117490768432617,0.0,49.0,True,False
rover,0_26,1,5.2593817710876465,0.0,49.0,True,False
rover,0_26,2,5.039412975311279,0.0,49.0,True,False
rover,0_26,3,5.390146732330322,0.0,48.0,True,False
rover,0_26,4,5.360058069229126,0.0,50.0,True,False
rover,0_27,0,7.534681797027588,1.0,74.0,True,False
rover,0_27,1,8.715662956237793,2.0,86.0,True,False
rover,0_27,2,7.257289886474609,0.0,71.0,True,False
rover,0_27,3,7.337123870849609,3.0,74.0,True,False
rover,0_27,4,7.7716710567474365,1.0,78.0,True,False
rover,0_28,0,16.400755167007446,7.0,163.0,True,False
rover,0_28,1,14.136634826660156,5.0,154.0,True,False
rover,0_28,2,13.529542684555054,0.0,134.0,True,False
rover,0_28,3,13.387690782546997,1.0,133.0,True,False
rover,0_28,4,13.748358249664307,0.0,133.0,True,False
rover,0_29,0,2.927032232284546,0.0,27.0,True,False
rover,0_29,1,3.1832518577575684,0.0,27.0,True,False
rover,0_29,2,2.8858444690704346,0.0,28.0,True,False
rover,0_29,3,2.6249189376831055,0.0,27.0,True,False
rover,0_29,4,2.9607858657836914,0.0,29.0,True,False
rover,0_30,0,12.565249919891357,2.0,114.0,True,False
rover,0_30,1,11.462661981582642,2.0,113.0,True,False
rover,0_30,2,11.990373373031616,2.0,118.0,True,False
rover,0_30,3,13.302641868591309,17.0,132.0,True,False
rover,0_30,4,15.281927824020386,24.0,153.0,True,False
rover,1_01,0,26.215404510498047,1.0,148.0,True,False
rover,1_01,1,32.25931692123413,3.0,168.0,True,False
rover,1_01,2,25.170106172561646,0.0,144.0,True,False
rover,1_01,3,26.005598068237305,2.0,159.0,True,False
rover,1_01,4,29.49512267112732,5.0,182.0,True,False
rover,1_02,0,32.07077383995056,45.0,240.0,True,False
rover,1_02,1,21.052884578704834,7.0,177.0,True,False
rover,1_02,2,27.259888172149658,37.0,214.0,True,False
rover,1_02,3,25.284321546554565,20.0,189.0,True,False
rover,1_02,4,22.19440793991089,4.0,167.0,True,False
rover,1_03,0,56.201253175735474,4.0,295.0,True,False
rover,1_03,1,54.61290621757507,4.0,283.0,True,False
rover,1_03,2,56.099326610565186,6.0,291.0,True,False
rover,1_03,3,61.000266551971436,7.0,319.0,True,False
rover,1_03,4,53.299604177474976,3.0,332.0,True,False
rover,1_04,0,101.94001531600952,2.0,398.0,True,False
rover,1_04,1,80.58945631980896,1.0,327.0,True,False
rover,1_04,2,65.2556574344635,0.0,268.0,True,False
rover,1_04,3,93.180832862854,3.0,362.0,True,False
rover,1_04,4,59.92323589324951,1.0,290.0,True,False
rover,1_05,0,86.94067192077637,7.0,332.0,True,False
rover,1_05,1,98.4518666267395,4.0,314.0,True,False
rover,1_05,2,85.3580641746521,13.0,330.0,True,False
rover,1_05,3,82.08210301399231,1.0,305.0,True,False
rover,1_05,4,83.86956739425659,4.0,322.0,True,False
rover,1_06,0,58.65154767036438,0.0,201.0,True,False
rover,1_06,1,63.27859377861023,0.0,245.0,True,False
rover,1_06,2,50.10851788520813,0.0,201.0,True,False
rover,1_06,3,79.34203934669495,2.0,308.0,True,False
rover,1_06,4,63.84500503540039,0.0,209.0,True,False
rover,1_07,0,110.81488370895386,1.0,305.0,True,False
rover,1_07,1,101.35051655769348,1.0,263.0,True,False
rover,1_07,2,133.5068485736847,4.0,305.0,True,False
rover,1_07,3,109.9961507320404,0.0,286.0,True,False
rover,1_07,4,95.32256197929382,0.0,237.0,True,False
rover,1_08,0,230.2966947555542,0.0,457.0,True,False
rover,1_08,1,244.54083251953125,0.0,484.0,True,False
rover,1_08,2,268.1810636520386,0.0,505.0,True,False
rover,1_08,3,195.51444053649902,1.0,458.0,True,False
rover,1_08,4,222.28289771080017,1.0,457.0,True,False
rover,1_09,0,130.34996485710144,0.0,280.0,True,False
rover,1_09,1,222.19534635543823,3.0,324.0,True,False
rover,1_09,2,150.998281955719,0.0,305.0,True,False
rover,1_09,3,119.31281971931458,0.0,258.0,True,False
rover,1_09,4,145.32594656944275,0.0,255.0,True,False
rover,1_10,0,96.92114090919495,0.0,270.0,True,False
rover,1_10,1,96.8352861404419,0.0,226.0,True,False
rover,1_10,2,129.6834111213684,2.0,373.0,True,False
rover,1_10,3,114.23823475837708,1.0,283.0,True,False
rover,1_10,4,107.24065113067627,0.0,276.0,True,False
rover,1_11,0,509.9306688308716,12.0,653.0,True,False
rover,1_11,1,465.96731185913086,0.0,539.0,True,False
rover,1_11,2,506.28949189186096,5.0,712.0,True,False
rover,1_11,3,598.5945019721985,6.0,827.0,True,False
rover,1_11,4,438.9753928184509,2.0,543.0,True,False
rover,1_12,0,442.14706087112427,2.0,586.0,True,False
rover,1_12,1,577.6816892623901,13.0,748.0,True,False
rover,1_12,2,631.2016017436981,11.0,790.0,True,False
rover,1_12,3,726.6307475566864,13.0,815.0,True,False
rover,1_12,4,297.2593092918396,2.0,531.0,True,False
rover,1_13,0,243.15371370315552,0.0,367.0,True,False
rover,1_13,1,282.6056020259857,1.0,381.0,True,False
rover,1_13,2,234.22024726867676,0.0,394.0,True,False
rover,1_13,3,246.46580624580383,0.0,370.0,True,False
rover,1_13,4,201.12121415138245,2.0,370.0,True,False
rover,1_14,0,1075.3600478172302,6.0,899.0,True,False
rover,1_14,1,911.5978636741638,2.0,811.0,True,False
rover,1_14,2,855.421553850174,2.0,714.0,True,False
rover,1_14,3,897.0760998725891,1.0,725.0,True,False
rover,1_14,4,473.54872488975525,2.0,455.0,True,False
rover,1_15,0,209.340345621109,2.0,212.0,True,False
rover,1_15,1,218.34187006950378,1.0,226.0,True,False
rover,1_15,2,188.4692463874817,0.0,197.0,True,False
rover,1_15,3,209.0590045452118,2.0,211.0,True,False
rover,1_15,4,209.3630814552307,2.0,215.0,True,False
rover,1_16,0,475.1357126235962,0.0,338.0,True,False
rover,1_16,1,540.7850568294525,0.0,389.0,True,False
rover,1_16,2,318.1259114742279,0.0,238.0,True,False
rover,1_16,3,597.3207774162292,1.0,405.0,True,False
rover,1_16,4,373.4636318683624,0.0,250.0,True,False
rover,1_17,0,1070.951920747757,1.0,632.0,True,False
rover,1_17,1,1097.1848330497742,0.0,602.0,True,False
rover,1_17,2,1457.1694717407227,2.0,863.0,True,False
rover,1_17,3,1007.6083407402039,0.0,590.0,True,False
rover,1_17,4,1452.3910319805145,2.0,844.0,True,False
rover,1_18,0,1371.7917358875275,1.0,662.0,True,False
rover,1_18,1,1397.59428191185,7.0,713.0,True,False
rover,1_18,2,1654.4813709259033,15.0,711.0,True,False
rover,1_18,3,1516.9349558353424,0.0,651.0,True,False
rover,1_18,4,1555.6009907722473,2.0,675.0,True,False
rover,1_19,0,1093.078873872757,0.0,566.0,True,False
rover,1_19,1,1057.8524715900421,1.0,699.0,True,False
rover,1_19,2,1719.9835186004639,3.0,950.0,True,False
rover,1_19,3,1714.2628512382507,2.0,1015.0,True,False
rover,1_19,4,2035.7142839431763,3.0,1011.0,True,False
rover,1_20,0,1939.6788787841797,4.0,860.0,True,False
rover,1_20,1,1396.417795419693,4.0,559.0,True,False
rover,1_20,2,3089.532190322876,0.0,619.0,True,False
rover,1_20,3,,,,False,False
rover,1_20,4,1318.3640577793121,0.0,541.0,True,False
rover,1_21,0,,,,False,False
rover,1_21,1,,,,False,False
rover,1_21,2,,,,False,False
rover,1_21,3,,,,False,False
rover,1_21,4,,,,False,False
rover,1_22,0,,,,False,False
rover,1_22,1,1179.5318155288696,1.0,626.0,True,False
rover,1_22,2,,,,False,False
rover,1_22,3,1622.6337492465973,3.0,877.0,True,False
rover,1_22,4,855.1832230091095,1.0,537.0,True,False
rover,1_23,0,1855.0975799560547,1.0,840.0,True,False
rover,1_23,1,1929.2098181247711,1.0,691.0,True,False
rover,1_23,2,2258.57404756546,0.0,735.0,True,False
rover,1_23,3,1620.092580318451,1.0,682.0,True,False
rover,1_23,4,3224.6213262081146,0.0,757.0,True,False
rover,1_24,0,268.16592240333557,1.0,223.0,True,False
rover,1_24,1,366.28195786476135,0.0,259.0,True,False
rover,1_24,2,197.65741777420044,0.0,186.0,True,False
rover,1_24,3,211.8899564743042,0.0,196.0,True,False
rover,1_24,4,275.46356892585754,0.0,224.0,True,False
rover,1_25,0,,,,False,False
rover,1_25,1,2827.081097126007,1.0,880.0,True,False
rover,1_25,2,,,,False,False
rover,1_25,3,,,,False,False
rover,1_25,4,,,,False,False
rover,1_26,0,,,,False,False
rover,1_26,1,,,,False,False
rover,1_26,2,,,,False,False
rover,1_26,3,,,,False,False
rover,1_26,4,,,,False,False
rover,1_27,0,3065.355455636978,0.0,903.0,True,False
rover,1_27,1,,,,False,False
rover,1_27,2,,,,False,False
rover,1_27,3,3582.0214743614197,2.0,924.0,True,False
rover,1_27,4,3366.1546370983124,0.0,969.0,True,False
rover,1_28,0,,,,False,False
rover,1_28,1,,,,False,False
rover,1_28,2,,,,False,False
rover,1_28,3,,,,False,False
rover,1_28,4,,,,False,False
rover,1_29,0,,,,False,False
rover,1_29,1,,,,False,False
rover,1_29,2,,,,False,False
rover,1_29,3,,,,False,False
rover,1_29,4,,,,False,False
rover,1_30,0,,,,False,False
rover,1_30,1,,,,False,False
rover,1_30,2,,,,False,False
rover,1_30,3,,,,False,False
rover,1_30,4,,,,False,False
satellite,0_01,0,0.5489661693572998,0.0,7.0,True,False
satellite,0_01,1,0.4021294116973877,0.0,6.0,True,False
satellite,0_01,2,0.2845344543457031,0.0,4.0,True,False
satellite,0_01,3,0.5128490924835205,0.0,6.0,True,False
satellite,0_01,4,0.4507155418395996,0.0,7.0,True,False
satellite,0_02,0,0.7874677181243896,0.0,14.0,True,False
satellite,0_02,1,0.6623759269714355,0.0,11.0,True,False
satellite,0_02,2,0.5822067260742188,0.0,13.0,True,False
satellite,0_02,3,0.5911517143249512,0.0,10.0,True,False
satellite,0_02,4,0.6997296810150146,0.0,13.0,True,False
satellite,0_03,0,0.7266149520874023,0.0,14.0,True,False
satellite,0_03,1,0.958533525466919,0.0,16.0,True,False
satellite,0_03,2,1.1421756744384766,0.0,13.0,True,False
satellite,0_03,3,1.0361974239349365,0.0,13.0,True,False
satellite,0_03,4,1.0277400016784668,0.0,14.0,True,False
satellite,0_04,0,0.4956998825073242,0.0,11.0,True,False
satellite,0_04,1,0.6067771911621094,0.0,10.0,True,False
satellite,0_04,2,0.44019436836242676,0.0,10.0,True,False
satellite,0_04,3,0.5209743976593018,0.0,11.0,True,False
satellite,0_04,4,0.5491819381713867,0.0,10.0,True,False
satellite,0_05,0,0.9440841674804688,0.0,17.0,True,False
satellite,0_05,1,0.957298755645752,0.0,17.0,True,False
satellite,0_05,2,0.9661657810211182,0.0,18.0,True,False
satellite,0_05,3,0.8017020225524902,1.0,15.0,True,False
satellite,0_05,4,0.8377461433410645,0.0,15.0,True,False
satellite,0_06,0,0.9803707599639893,0.0,16.0,True,False
satellite,0_06,1,1.0666940212249756,1.0,22.0,True,False
satellite,0_06,2,0.9830372333526611,2.0,21.0,True,False
satellite,0_06,3,0.965062141418457,3.0,23.0,True,False
satellite,0_06,4,0.9518358707427979,1.0,22.0,True,False
satellite,0_07,0,1.0064806938171387,0.0,19.0,True,False
satellite,0_07,1,0.7229952812194824,0.0,14.0,True,False
satellite,0_07,2,0.881610631942749,1.0,18.0,True,False
satellite,0_07,3,0.87742018699646,0.0,20.0,True,False
satellite,0_07,4,0.8197281360626221,0.0,14.0,True,False
satellite,0_08,0,0.7572617530822754,0.0,14.0,True,False
satellite,0_08,1,1.153261423110962,0.0,21.0,True,False
satellite,0_08,2,1.1351244449615479,0.0,18.0,True,False
satellite,0_08,3,1.1628782749176025,1.0,22.0,True,False
satellite,0_08,4,0.9075040817260742,0.0,17.0,True,False
satellite,0_09,0,0.9184627532958984,0.0,19.0,True,False
satellite,0_09,1,1.1671531200408936,0.0,18.0,True,False
satellite,0_09,2,0.9995732307434082,0.0,19.0,True,False
satellite,0_09,3,1.1514554023742676,1.0,22.0,True,False
satellite,0_09,4,1.076859712600708,0.0,23.0,True,False
satellite,0_10,0,1.103323221206665,0.0,20.0,True,False
satellite,0_10,1,1.2637953758239746,0.0,19.0,True,False
satellite,0_10,2,1.1454732418060303,0.0,19.0,True,False
satellite,0_10,3,1.2340483665466309,0.0,21.0,True,False
satellite,0_10,4,1.4774584770202637,1.0,21.0,True,False
satellite,0_11,0,1.7928416728973389,3.0,47.0,True,False
satellite,0_11,1,1.875488042831421,1.0,43.0,True,False
satellite,0_11,2,1.5730528831481934,1.0,34.0,True,False
satellite,0_11,3,1.5616614818572998,1.0,39.0,True,False
satellite,0_11,4,1.6974942684173584,2.0,41.0,True,False
satellite,0_12,0,0.8938884735107422,0.0,16.0,True,False
satellite,0_12,1,1.3001158237457275,0.0,20.0,True,False
satellite,0_12,2,1.4193389415740967,4.0,29.0,True,False
satellite,0_12,3,1.1733009815216064,1.0,20.0,True,False
satellite,0_12,4,1.3751327991485596,0.0,19.0,True,False
satellite,0_13,0,1.7180776596069336,0.0,23.0,True,False
satellite,0_13,1,1.0524711608886719,1.0,20.0,True,False
satellite,0_13,2,1.0366761684417725,0.0,17.0,True,False
satellite,0_13,3,1.1568429470062256,0.0,24.0,True,False
satellite,0_13,4,1.365128993988037,1.0,28.0,True,False
satellite,0_14,0,1.4756100177764893,0.0,31.0,True,False
satellite,0_14,1,2.2097432613372803,0.0,34.0,True,False
satellite,0_14,2,1.6492903232574463,0.0,35.0,True,False
satellite,0_14,3,1.7705106735229492,0.0,37.0,True,False
satellite,0_14,4,1.6446597576141357,0.0,28.0,True,False
satellite,0_15,0,1.434697151184082,0.0,30.0,True,False
satellite,0_15,1,1.8286504745483398,1.0,34.0,True,False
satellite,0_15,2,1.4741380214691162,0.0,28.0,True,False
satellite,0_15,3,1.6878960132598877,0.0,32.0,True,False
satellite,0_15,4,1.799093246459961,1.0,36.0,True,False
satellite,0_16,0,1.9938788414001465,0.0,32.0,True,False
satellite,0_16,1,1.9195921421051025,0.0,33.0,True,False
satellite,0_16,2,2.1065776348114014,0.0,37.0,True,False
satellite,0_16,3,2.1162407398223877,0.0,35.0,True,False
satellite,0_16,4,1.832146406173706,0.0,30.0,True,False
satellite,0_17,0,2.4621992111206055,0.0,40.0,True,False
satellite,0_17,1,2.578976631164551,1.0,46.0,True,False
satellite,0_17,2,2.606351137161255,2.0,48.0,True,False
satellite,0_17,3,2.3148698806762695,1.0,41.0,True,False
satellite,0_17,4,2.793914318084717,0.0,47.0,True,False
satellite,0_18,0,1.6109771728515625,0.0,28.0,True,False
satellite,0_18,1,1.4975247383117676,0.0,24.0,True,False
satellite,0_18,2,1.4227283000946045,0.0,23.0,True,False
satellite,0_18,3,1.5191028118133545,0.0,28.0,True,False
satellite,0_18,4,1.5802128314971924,4.0,29.0,True,False
satellite,0_19,0,2.531090021133423,0.0,44.0,True,False
satellite,0_19,1,2.516925811767578,0.0,43.0,True,False
satellite,0_19,2,3.104562997817993,1.0,52.0,True,False
satellite,0_19,3,2.577958106994629,1.0,47.0,True,False
satellite,0_19,4,2.4058470726013184,0.0,44.0,True,False
satellite,0_20,0,2.8998513221740723,0.0,53.0,True,False
satellite,0_20,1,3.442589044570923,1.0,63.0,True,False
satellite,0_20,2,2.98559308052063,0.0,52.0,True,False
satellite,0_20,3,3.0318846702575684,0.0,52.0,True,False
satellite,0_20,4,3.2815325260162354,0.0,56.0,True,False
satellite,0_21,0,4.0206825733184814,0.0,61.0,True,False
satellite,0_21,1,3.717625379562378,0.0,52.0,True,False
satellite,0_21,2,2.9773237705230713,0.0,47.0,True,False
satellite,0_21,3,3.866861343383789,0.0,52.0,True,False
satellite,0_21,4,3.199390411376953,0.0,51.0,True,False
satellite,0_22,0,4.568945646286011,1.0,52.0,True,False
satellite,0_22,1,3.6106841564178467,0.0,50.0,True,False
satellite,0_22,2,3.198345899581909,0.0,49.0,True,False
satellite,0_22,3,3.660888195037842,0.0,54.0,True,False
satellite,0_22,4,4.428480386734009,0.0,65.0,True,False
satellite,0_23,0,2.9382996559143066,2.0,47.0,True,False
satellite,0_23,1,2.859295129776001,0.0,45.0,True,False
satellite,0_23,2,2.5064642429351807,0.0,40.0,True,False
satellite,0_23,3,2.658543825149536,0.0,47.0,True,False
satellite,0_23,4,2.885218381881714,1.0,48.0,True,False
satellite,0_24,0,1.494154930114746,0.0,22.0,True,False
satellite,0_24,1,1.6310489177703857,0.0,22.0,True,False
satellite,0_24,2,1.7159934043884277,0.0,28.0,True,False
satellite,0_24,3,1.834519386291504,1.0,22.0,True,False
satellite,0_24,4,1.7889561653137207,0.0,29.0,True,False
satellite,0_25,0,3.7455685138702393,0.0,53.0,True,False
satellite,0_25,1,3.897271156311035,2.0,55.0,True,False
satellite,0_25,2,4.037735939025879,0.0,60.0,True,False
satellite,0_25,3,3.352076292037964,0.0,47.0,True,False
satellite,0_25,4,3.4821338653564453,1.0,50.0,True,False
satellite,0_26,0,4.851938962936401,2.0,75.0,True,False
satellite,0_26,1,5.126358509063721,0.0,79.0,True,False
satellite,0_26,2,5.343322992324829,0.0,71.0,True,False
satellite,0_26,3,5.373955726623535,2.0,75.0,True,False
satellite,0_26,4,5.057700157165527,1.0,81.0,True,False
satellite,0_27,0,5.058155298233032,1.0,72.0,True,False
satellite,0_27,1,4.854401588439941,0.0,62.0,True,False
satellite,0_27,2,4.99677038192749,0.0,69.0,True,False
satellite,0_27,3,5.160150051116943,0.0,63.0,True,False
satellite,0_27,4,5.313434600830078,1.0,74.0,True,False
satellite,0_28,0,4.853689193725586,0.0,56.0,True,False
satellite,0_28,1,4.95245623588562,0.0,60.0,True,False
satellite,0_28,2,5.336184978485107,1.0,73.0,True,False
satellite,0_28,3,4.552788019180298,0.0,56.0,True,False
satellite,0_28,4,5.239954471588135,0.0,63.0,True,False
satellite,0_29,0,1.807312250137329,0.0,20.0,True,False
satellite,0_29,1,3.096890687942505,2.0,41.0,True,False
satellite,0_29,2,2.52048659324646,2.0,41.0,True,False
satellite,0_29,3,2.3110787868499756,0.0,33.0,True,False
satellite,0_29,4,2.430652618408203,0.0,34.0,True,False
satellite,0_30,0,4.362920761108398,0.0,58.0,True,False
satellite,0_30,1,4.5237040519714355,1.0,59.0,True,False
satellite,0_30,2,4.444806814193726,0.0,51.0,True,False
satellite,0_30,3,3.6426289081573486,0.0,48.0,True,False
satellite,0_30,4,4.205503702163696,0.0,56.0,True,False
satellite,1_01,0,8.60093092918396,0.0,99.0,True,False
satellite,1_01,1,8.21600866317749,0.0,92.0,True,False
satellite,1_01,2,9.331586122512817,0.0,105.0,True,False
satellite,1_01,3,8.478229522705078,0.0,97.0,True,False
satellite,1_01,4,8.582450151443481,0.0,96.0,True,False
satellite,1_02,0,9.811793327331543,0.0,99.0,True,False
satellite,1_02,1,10.091776609420776,0.0,104.0,True,False
satellite,1_02,2,10.535687685012817,0.0,98.0,True,False
satellite,1_02,3,10.407882452011108,0.0,101.0,True,False
satellite,1_02,4,10.239227533340454,0.0,94.0,True,False
satellite,1_03,0,11.283100128173828,0.0,101.0,True,False
satellite,1_03,1,8.846598386764526,0.0,99.0,True,False
satellite,1_03,2,9.758222103118896,1.0,95.0,True,False
satellite,1_03,3,10.558699607849121,0.0,97.0,True,False
satellite,1_03,4,9.794121503829956,0.0,95.0,True,False
satellite,1_04,0,10.837409019470215,0.0,108.0,True,False
satellite,1_04,1,11.36101746559143,0.0,110.0,True,False
satellite,1_04,2,10.91831922531128,0.0,103.0,True,False
satellite,1_04,3,12.122135877609253,0.0,112.0,True,False
satellite,1_04,4,12.702821016311646,0.0,111.0,True,False
satellite,1_05,0,12.228288650512695,0.0,94.0,True,False
satellite,1_05,1,10.903222799301147,0.0,94.0,True,False
satellite,1_05,2,11.446175336837769,0.0,96.0,True,False
satellite,1_05,3,11.26710844039917,0.0,96.0,True,False
satellite,1_05,4,11.157768249511719,0.0,95.0,True,False
satellite,1_06,0,13.139003992080688,0.0,105.0,True,False
satellite,1_06,1,12.568790197372437,0.0,102.0,True,False
satellite,1_06,2,13.369605541229248,0.0,99.0,True,False
satellite,1_06,3,13.805041551589966,0.0,103.0,True,False
satellite,1_06,4,12.286986112594604,0.0,93.0,True,False
satellite,1_07,0,20.288333415985107,0.0,131.0,True,False
satellite,1_07,1,18.877432346343994,0.0,124.0,True,False
satellite,1_07,2,19.894121170043945,0.0,129.0,True,False
satellite,1_07,3,19.730697870254517,0.0,130.0,True,False
satellite,1_07,4,20.515222311019897,0.0,120.0,True,False
satellite,1_08,0,5.069997787475586,2.0,54.0,True,False
satellite,1_08,1,5.395397424697876,0.0,54.0,True,False
satellite,1_08,2,4.447242736816406,0.0,43.0,True,False
satellite,1_08,3,3.7591638565063477,0.0,35.0,True,False
satellite,1_08,4,5.91670560836792,0.0,64.0,True,False
satellite,1_09,0,19.854528427124023,0.0,107.0,True,False
satellite,1_09,1,24.99932861328125,0.0,120.0,True,False
satellite,1_09,2,23.6334867477417,0.0,124.0,True,False
satellite,1_09,3,23.846168994903564,0.0,126.0,True,False
satellite,1_09,4,22.168098211288452,0.0,112.0,True,False
satellite,1_10,0,8.58943796157837,0.0,85.0,True,False
satellite,1_10,1,7.42329740524292,1.0,62.0,True,False
satellite,1_10,2,10.488565444946289,0.0,84.0,True,False
satellite,1_10,3,8.116203784942627,0.0,80.0,True,False
satellite,1_10,4,6.867555618286133,0.0,62.0,True,False
satellite,1_11,0,103.94490027427673,0.0,187.0,True,False
satellite,1_11,1,85.21629667282104,0.0,177.0,True,False
satellite,1_11,2,97.56688642501831,0.0,193.0,True,False
satellite,1_11,3,92.0678482055664,0.0,189.0,True,False
satellite,1_11,4,107.34195852279663,0.0,189.0,True,False
satellite,1_12,0,64.59559559822083,0.0,132.0,True,False
satellite,1_12,1,59.91090488433838,0.0,136.0,True,False
satellite,1_12,2,70.92551231384277,0.0,140.0,True,False
satellite,1_12,3,68.45632076263428,0.0,135.0,True,False
satellite,1_12,4,71.95337319374084,0.0,135.0,True,False
satellite,1_13,0,45.58902835845947,0.0,172.0,True,False
satellite,1_13,1,50.535314083099365,2.0,176.0,True,False
satellite,1_13,2,48.90337872505188,0.0,167.0,True,False
satellite,1_13,3,48.91434168815613,1.0,167.0,True,False
satellite,1_13,4,48.42536401748657,0.0,179.0,True,False
satellite,1_14,0,60.76865482330322,0.0,172.0,True,False
satellite,1_14,1,59.06307125091553,1.0,164.0,True,False
satellite,1_14,2,69.79729628562927,1.0,183.0,True,False
satellite,1_14,3,61.39111018180847,0.0,170.0,True,False
satellite,1_14,4,51.58966135978699,0.0,164.0,True,False
satellite,1_15,0,12.657842874526978,0.0,83.0,True,False
satellite,1_15,1,11.779355764389038,0.0,78.0,True,False
satellite,1_15,2,13.782518148422241,0.0,90.0,True,False
satellite,1_15,3,11.432901620864868,0.0,71.0,True,False
satellite,1_15,4,11.299732208251953,0.0,76.0,True,False
satellite,1_16,0,217.2333629131317,0.0,190.0,True,False
satellite,1_16,1,234.5370852947235,0.0,190.0,True,False
satellite,1_16,2,227.81227040290833,0.0,184.0,True,False
satellite,1_16,3,200.92774438858032,0.0,178.0,True,False
satellite,1_16,4,237.94148659706116,0.0,191.0,True,False
satellite,1_17,0,46.33568978309631,0.0,130.0,True,False
satellite,1_17,1,43.73407816886902,0.0,132.0,True,False
satellite,1_17,2,57.02060413360596,0.0,144.0,True,False
satellite,1_17,3,52.03218126296997,0.0,139.0,True,False
satellite,1_17,4,37.493123292922974,0.0,122.0,True,False
satellite,1_18,0,22.21496868133545,0.0,96.0,True,False
satellite,1_18,1,18.673421621322632,0.0,85.0,True,False
satellite,1_18,2,28.539615154266357,0.0,115.0,True,False
satellite,1_18,3,20.63661003112793,0.0,91.0,True,False
satellite,1_18,4,23.852092266082764,0.0,102.0,True,False
satellite,1_19,0,180.47480702400208,0.0,192.0,True,False
satellite,1_19,1,195.4314739704132,0.0,189.0,True,False
satellite,1_19,2,267.171715259552,0.0,226.0,True,False
satellite,1_19,3,178.53285098075867,0.0,189.0,True,False
satellite,1_19,4,242.24352836608887,1.0,208.0,True,False
satellite,1_20,0,572.5799987316132,1.0,241.0,True,False
satellite,1_20,1,493.43150186538696,0.0,237.0,True,False
satellite,1_20,2,541.0061461925507,0.0,234.0,True,False
satellite,1_20,3,460.39351892471313,0.0,244.0,True,False
satellite,1_20,4,449.10848212242126,0.0,235.0,True,False
satellite,1_21,0,442.8764362335205,1.0,226.0,True,False
satellite,1_21,1,353.40950179100037,0.0,232.0,True,False
satellite,1_21,2,403.8997206687927,0.0,220.0,True,False
satellite,1_21,3,340.4934775829315,0.0,218.0,True,False
satellite,1_21,4,347.12140107154846,0.0,227.0,True,False
satellite,1_22,0,561.1731371879578,0.0,233.0,True,False
satellite,1_22,1,449.7624831199646,0.0,209.0,True,False
satellite,1_22,2,483.9318838119507,0.0,233.0,True,False
satellite,1_22,3,437.8361008167267,0.0,219.0,True,False
satellite,1_22,4,413.39963245391846,0.0,215.0,True,False
satellite,1_23,0,48.86795520782471,0.0,128.0,True,False
satellite,1_23,1,41.661659717559814,0.0,124.0,True,False
satellite,1_23,2,51.89110565185547,0.0,142.0,True,False
satellite,1_23,3,38.49135613441467,0.0,116.0,True,False
satellite,1_23,4,35.2678747177124,0.0,110.0,True,False
satellite,1_24,0,901.371720790863,0.0,291.0,True,False
satellite,1_24,1,810.8272113800049,0.0,270.0,True,False
satellite,1_24,2,988.5803470611572,0.0,262.0,True,False
satellite,1_24,3,696.5542409420013,0.0,271.0,True,False
satellite,1_24,4,700.8289771080017,0.0,256.0,True,False
satellite,1_25,0,87.17883491516113,0.0,158.0,True,False
satellite,1_25,1,74.81807398796082,0.0,150.0,True,False
satellite,1_25,2,85.6761257648468,0.0,161.0,True,False
satellite,1_25,3,60.12040138244629,0.0,133.0,True,False
satellite,1_25,4,67.33674812316895,0.0,148.0,True,False
satellite,1_26,0,1289.1388359069824,0.0,250.0,True,False
satellite,1_26,1,1304.966171503067,0.0,266.0,True,False
satellite,1_26,2,1294.3095803260803,0.0,253.0,True,False
satellite,1_26,3,1068.9451849460602,0.0,248.0,True,False
satellite,1_26,4,1190.045737504959,0.0,245.0,True,False
satellite,1_27,0,1389.3974940776825,0.0,299.0,True,False
satellite,1_27,1,1326.7856929302216,0.0,317.0,True,False
satellite,1_27,2,1384.2035474777222,0.0,297.0,True,False
satellite,1_27,3,1359.6456031799316,0.0,285.0,True,False
satellite,1_27,4,1395.6838674545288,0.0,296.0,True,False
satellite,1_28,0,33.35208249092102,0.0,126.0,True,False
satellite,1_28,1,28.438838958740234,0.0,117.0,True,False
satellite,1_28,2,29.278568267822266,0.0,116.0,True,False
satellite,1_28,3,29.21287202835083,0.0,119.0,True,False
satellite,1_28,4,25.243409633636475,0.0,108.0,True,False
satellite,1_29,0,2773.640852212906,0.0,289.0,True,False
satellite,1_29,1,2616.308534860611,0.0,282.0,True,False
satellite,1_29,2,2789.608192205429,0.0,291.0,True,False
satellite,1_29,3,2527.593952894211,2.0,292.0,True,False
satellite,1_29,4,2869.102664709091,0.0,287.0,True,False
satellite,1_30,0,190.40901112556458,0.0,176.0,True,False
satellite,1_30,1,163.69118189811707,0.0,169.0,True,False
satellite,1_30,2,187.34933066368103,0.0,177.0,True,False
satellite,1_30,3,177.72088241577148,0.0,173.0,True,False
satellite,1_30,4,161.69262290000916,0.0,160.0,True,False
transport,0_01,0,0.26129841804504395,0.0,3.0,True,False
transport,0_01,1,0.20103716850280762,0.0,3.0,True,False
transport,0_01,2,0.3128702640533447,0.0,3.0,True,False
transport,0_01,3,0.24248576164245605,0.0,3.0,True,False
transport,0_01,4,0.2854161262512207,0.0,3.0,True,False
transport,0_02,0,0.3942430019378662,1.0,4.0,True,False
transport,0_02,1,0.4109196662902832,0.0,4.0,True,False
transport,0_02,2,0.32442808151245117,1.0,4.0,True,False
transport,0_02,3,0.45511507987976074,1.0,4.0,True,False
transport,0_02,4,0.32627010345458984,1.0,4.0,True,False
transport,0_03,0,0.6634025573730469,5.0,14.0,True,False
transport,0_03,1,0.5251443386077881,3.0,11.0,True,False
transport,0_03,2,0.8018748760223389,4.0,14.0,True,False
transport,0_03,3,0.6953029632568359,6.0,11.0,True,False
transport,0_03,4,0.5201492309570312,3.0,10.0,True,False
transport,0_04,0,0.714838981628418,1.0,13.0,True,False
transport,0_04,1,0.8040478229522705,6.0,15.0,True,False
transport,0_04,2,0.8897151947021484,6.0,19.0,True,False
transport,0_04,3,0.5209183692932129,3.0,13.0,True,False
transport,0_04,4,0.7395467758178711,6.0,14.0,True,False
transport,0_05,0,0.9620659351348877,2.0,17.0,True,False
transport,0_05,1,0.8531136512756348,5.0,19.0,True,False
transport,0_05,2,0.7145445346832275,4.0,17.0,True,False
transport,0_05,3,0.7548930644989014,2.0,13.0,True,False
transport,0_05,4,0.8179347515106201,7.0,21.0,True,False
transport,0_06,0,0.6789402961730957,3.0,18.0,True,False
transport,0_06,1,0.522860050201416,1.0,13.0,True,False
transport,0_06,2,0.8043522834777832,6.0,21.0,True,False
transport,0_06,3,0.8724803924560547,6.0,21.0,True,False
transport,0_06,4,0.8287718296051025,12.0,22.0,True,False
transport,0_07,0,1.1299803256988525,3.0,26.0,True,False
transport,0_07,1,1.1720781326293945,9.0,30.0,True,False
transport,0_07,2,1.1851184368133545,8.0,26.0,True,False
transport,0_07,3,1.0576951503753662,5.0,27.0,True,False
transport,0_07,4,0.8678402900695801,3.0,21.0,True,False
transport,0_08,0,0.9635684490203857,5.0,22.0,True,False
transport,0_08,1,0.9608128070831299,3.0,23.0,True,False
transport,0_08,2,1.0562965869903564,0.0,21.0,True,False
transport,0_08,3,1.2100045680999756,10.0,27.0,True,False
transport,0_08,4,1.0771973133087158,5.0,24.0,True,False
transport,0_09,0,1.4766144752502441,32.0,54.0,True,False
transport,0_09,1,1.2329692840576172,13.0,39.0,True,False
transport,0_09,2,1.3476152420043945,21.0,45.0,True,False
transport,0_09,3,1.2353427410125732,24.0,44.0,True,False
transport,0_09,4,1.6369304656982422,58.0,51.0,True,False
transport,0_10,0,1.1492547988891602,2.0,25.0,True,False
transport,0_10,1,1.2685632705688477,4.0,30.0,True,False
transport,0_10,2,1.734929084777832,6.0,33.0,True,False
transport,0_10,3,1.0607717037200928,3.0,28.0,True,False
transport,0_10,4,1.1556453704833984,2.0,29.0,True,False
transport,0_11,0,1.2212762832641602,8.0,33.0,True,False
transport,0_11,1,1.1859846115112305,5.0,31.0,True,False
transport,0_11,2,1.3621163368225098,7.0,41.0,True,False
transport,0_11,3,1.6514794826507568,19.0,49.0,True,False
transport,0_11,4,1.47904372215271,9.0,33.0,True,False
transport,0_12,0,1.8835670948028564,37.0,50.0,True,False
transport,0_12,1,1.8740098476409912,7.0,41.0,True,False
transport,0_12,2,2.267857313156128,40.0,50.0,True,False
transport,0_12,3,1.6867427825927734,28.0,43.0,True,False
transport,0_12,4,2.0038366317749023,29.0,53.0,True,False
transport,0_13,0,2.004425287246704,13.0,53.0,True,False
transport,0_13,1,2.7672243118286133,33.0,69.0,True,False
transport,0_13,2,3.7494752407073975,33.0,76.0,True,False
transport,0_13,3,2.136868476867676,12.0,59.0,True,False
transport,0_13,4,2.534536361694336,11.0,59.0,True,False
transport,0_14,0,2.3883273601531982,67.0,82.0,True,False
transport,0_14,1,2.288667678833008,78.0,90.0,True,False
transport,0_14,2,2.403567314147949,63.0,80.0,True,False
transport,0_14,3,3.019397020339966,122.0,118.0,True,False
transport,0_14,4,2.807438611984253,105.0,102.0,True,False
transport,0_15,0,2.755058765411377,16.0,60.0,True,False
transport,0_15,1,3.1308083534240723,37.0,78.0,True,False
transport,0_15,2,3.3718013763427734,53.0,80.0,True,False
transport,0_15,3,2.9559943675994873,29.0,69.0,True,False
transport,0_15,4,3.1880836486816406,22.0,72.0,True,False
transport,0_16,0,2.8155019283294678,95.0,92.0,True,False
transport,0_16,1,2.4698431491851807,49.0,77.0,True,False
transport,0_16,2,3.2053146362304688,104.0,100.0,True,False
transport,0_16,3,3.1893362998962402,109.0,105.0,True,False
transport,0_16,4,2.8476874828338623,40.0,79.0,True,False
transport,0_17,0,2.0559370517730713,6.0,57.0,True,False
transport,0_17,1,2.6051087379455566,28.0,69.0,True,False
transport,0_17,2,2.4884445667266846,19.0,66.0,True,False
transport,0_17,3,2.6490161418914795,28.0,75.0,True,False
transport,0_17,4,2.730010986328125,39.0,71.0,True,False
transport,0_18,0,4.035336017608643,94.0,104.0,True,False
transport,0_18,1,3.689762830734253,120.0,102.0,True,False
transport,0_18,2,3.411463975906372,107.0,93.0,True,False
transport,0_18,3,2.9607062339782715,28.0,76.0,True,False
transport,0_18,4,2.9399869441986084,39.0,75.0,True,False
transport,0_19,0,4.082209348678589,123.0,128.0,True,False
transport,0_19,1,4.127145290374756,79.0,121.0,True,False
transport,0_19,2,3.4094066619873047,46.0,102.0,True,False
transport,0_19,3,3.7374510765075684,62.0,105.0,True,False
transport,0_19,4,4.388123273849487,71.0,118.0,True,False
transport,0_20,0,4.124630928039551,63.0,111.0,True,False
transport,0_20,1,3.957160472869873,39.0,86.0,True,False
transport,0_20,2,3.4272515773773193,19.0,83.0,True,False
transport,0_20,3,4.438019275665283,15.0,86.0,True,False
transport,0_20,4,4.657052040100098,43.0,98.0,True,False
transport,0_21,0,6.269442796707153,60.0,119.0,True,False
transport,0_21,1,5.328927993774414,67.0,112.0,True,False
transport,0_21,2,4.464726448059082,36.0,98.0,True,False
transport,0_21,3,5.753266334533691,77.0,117.0,True,False
transport,0_21,4,5.5988311767578125,76.0,125.0,True,False
transport,0_22,0,4.8291335105896,21.0,81.0,True,False
transport,0_22,1,4.4325010776519775,20.0,80.0,True,False
transport,0_22,2,4.554365873336792,14.0,85.0,True,False
transport,0_22,3,4.112268924713135,9.0,71.0,True,False
transport,0_22,4,4.501794815063477,25.0,84.0,True,False
transport,0_23,0,3.713933229446411,14.0,88.0,True,False
transport,0_23,1,3.8540000915527344,30.0,82.0,True,False
transport,0_23,2,3.170170307159424,17.0,74.0,True,False
transport,0_23,3,4.8703858852386475,58.0,116.0,True,False
transport,0_23,4,3.7907650470733643,22.0,88.0,True,False
transport,0_24,0,5.128042221069336,83.0,143.0,True,False
transport,0_24,1,6.4019787311553955,198.0,184.0,True,False
transport,0_24,2,5.28631067276001,113.0,158.0,True,False
transport,0_24,3,5.005955457687378,84.0,126.0,True,False
transport,0_24,4,6.668421745300293,255.0,200.0,True,False
transport,0_25,0,6.644843578338623,63.0,150.0,True,False
transport,0_25,1,5.326126337051392,43.0,122.0,True,False
transport,0_25,2,6.648437261581421,77.0,159.0,True,False
transport,0_25,3,6.175551414489746,53.0,122.0,True,False
transport,0_25,4,7.057150840759277,73.0,137.0,True,False
transport,0_26,0,5.621261119842529,25.0,105.0,True,False
transport,0_26,1,5.085855960845947,23.0,107.0,True,False
transport,0_26,2,5.260819911956787,33.0,103.0,True,False
transport,0_26,3,5.24217677116394,18.0,99.0,True,False
transport,0_26,4,5.59963321685791,43.0,117.0,True,False
transport,0_27,0,7.230692625045776,173.0,191.0,True,False
transport,0_27,1,7.321601629257202,249.0,220.0,True,False
transport,0_27,2,8.457518577575684,272.0,235.0,True,False
transport,0_27,3,5.316232204437256,46.0,126.0,True,False
transport,0_27,4,6.93723201751709,121.0,192.0,True,False
transport,0_28,0,8.540423393249512,55.0,136.0,True,False
transport,0_28,1,9.094260454177856,87.0,154.0,True,False
transport,0_28,2,8.725857973098755,61.0,145.0,True,False
transport,0_28,3,10.009363889694214,84.0,153.0,True,False
transport,0_28,4,10.301224946975708,89.0,170.0,True,False
transport,0_29,0,6.922089576721191,24.0,123.0,True,False
transport,0_29,1,7.601617813110352,43.0,119.0,True,False
transport,0_29,2,7.077459335327148,17.0,106.0,True,False
transport,0_29,3,6.326910018920898,10.0,104.0,True,False
transport,0_29,4,8.567148923873901,38.0,136.0,True,False
transport,0_30,0,9.491682529449463,61.0,139.0,True,False
transport,0_30,1,7.677514314651489,17.0,105.0,True,False
transport,0_30,2,8.72182321548462,33.0,125.0,True,False
transport,0_30,3,8.785692930221558,40.0,128.0,True,False
transport,0_30,4,9.94600796699524,56.0,135.0,True,False
transport,1_01,0,5.42684531211853,33.0,82.0,True,False
transport,1_01,1,7.536499977111816,65.0,116.0,True,False
transport,1_01,2,6.804856538772583,139.0,123.0,True,False
transport,1_01,3,6.827227830886841,164.0,109.0,True,False
transport,1_01,4,6.792942047119141,71.0,112.0,True,False
transport,1_02,0,6.064317941665649,44.0,82.0,True,False
transport,1_02,1,4.520684719085693,9.0,51.0,True,False
transport,1_02,2,6.683954238891602,51.0,80.0,True,False
transport,1_02,3,6.598665952682495,73.0,99.0,True,False
transport,1_02,4,5.043382883071899,34.0,62.0,True,False
transport,1_03,0,5.071896314620972,23.0,81.0,True,False
transport,1_03,1,5.298924684524536,28.0,82.0,True,False
transport,1_03,2,6.3244099617004395,33.0,95.0,True,False
transport,1_03,3,4.908650636672974,9.0,64.0,True,False
transport,1_03,4,5.1285881996154785,5.0,64.0,True,False
transport,1_04,0,11.662801027297974,92.0,119.0,True,False
transport,1_04,1,11.158651113510132,35.0,119.0,True,False
transport,1_04,2,12.712522506713867,49.0,139.0,True,False
transport,1_04,3,11.816099643707275,41.0,131.0,True,False
transport,1_04,4,12.92281699180603,56.0,131.0,True,False
transport,1_05,0,8.281813859939575,52.0,123.0,True,False
transport,1_05,1,7.3191845417022705,61.0,121.0,True,False
transport,1_05,2,9.136018514633179,89.0,124.0,True,False
transport,1_05,3,8.855134010314941,45.0,117.0,True,False
transport,1_05,4,7.5277204513549805,83.0,129.0,True,False
transport,1_06,0,12.925645112991333,17.0,109.0,True,False
transport,1_06,1,13.77664852142334,36.0,115.0,True,False
transport,1_06,2,12.974143981933594,30.0,121.0,True,False
transport,1_06,3,13.431797504425049,32.0,121.0,True,False
transport,1_06,4,13.728622436523438,26.0,130.0,True,False
transport,1_07,0,18.775012969970703,16.0,131.0,True,False
transport,1_07,1,17.033451795578003,34.0,118.0,True,False
transport,1_07,2,22.86204695701599,71.0,156.0,True,False
transport,1_07,3,18.666369915008545,36.0,143.0,True,False
transport,1_07,4,18.767146587371826,32.0,145.0,True,False
transport,1_08,0,20.30104923248291,132.0,215.0,True,False
transport,1_08,1,20.687779188156128,225.0,245.0,True,False
transport,1_08,2,21.231420516967773,128.0,254.0,True,False
transport,1_08,3,20.89281129837036,164.0,260.0,True,False
transport,1_08,4,22.464962482452393,171.0,270.0,True,False
transport,1_09,0,21.239542961120605,393.0,368.0,True,False
transport,1_09,1,24.04354691505432,461.0,421.0,True,False
transport,1_09,2,21.130122661590576,378.0,360.0,True,False
transport,1_09,3,30.087347745895386,781.0,497.0,True,False
transport,1_09,4,26.786379098892212,629.0,457.0,True,False
transport,1_10,0,21.575842142105103,138.0,238.0,True,False
transport,1_10,1,17.75010585784912,70.0,173.0,True,False
transport,1_10,2,17.103648900985718,65.0,189.0,True,False
transport,1_10,3,17.557441234588623,62.0,188.0,True,False
transport,1_10,4,18.939599752426147,97.0,187.0,True,False
transport,1_11,0,28.41309356689453,32.0,164.0,True,False
transport,1_11,1,27.8968563079834,23.0,164.0,True,False
transport,1_11,2,26.720362424850464,38.0,162.0,True,False
transport,1_11,3,29.258620738983154,39.0,173.0,True,False
transport,1_11,4,29.530639171600342,24.0,177.0,True,False
transport,1_12,0,19.530632257461548,38.0,165.0,True,False
transport,1_12,1,17.196820497512817,13.0,152.0,True,False
transport,1_12,2,26.175440549850464,68.0,241.0,True,False
transport,1_12,3,17.354848384857178,33.0,153.0,True,False
transport,1_12,4,21.585606336593628,65.0,202.0,True,False
transport,1_13,0,70.77120113372803,272.0,421.0,True,False
transport,1_13,1,72.41376781463623,195.0,411.0,True,False
transport,1_13,2,63.463414907455444,247.0,376.0,True,False
transport,1_13,3,69.61095070838928,308.0,421.0,True,False
transport,1_13,4,66.68189668655396,239.0,409.0,True,False
transport,1_14,0,62.69717240333557,216.0,384.0,True,False
transport,1_14,1,62.94184231758118,335.0,398.0,True,False
transport,1_14,2,61.980567932128906,283.0,409.0,True,False
transport,1_14,3,67.73381161689758,565.0,455.0,True,False
transport,1_14,4,57.399460554122925,297.0,385.0,True,False
transport,1_15,0,67.22890496253967,155.0,350.0,True,False
transport,1_15,1,74.70847392082214,163.0,393.0,True,False
transport,1_15,2,67.17420721054077,75.0,352.0,True,False
transport,1_15,3,77.81939315795898,165.0,418.0,True,False
transport,1_15,4,73.12448453903198,118.0,394.0,True,False
transport,1_16,0,43.84675216674805,399.0,503.0,True,False
transport,1_16,1,54.249521255493164,572.0,592.0,True,False
transport,1_16,2,40.17770481109619,490.0,504.0,True,False
transport,1_16,3,41.890315532684326,378.0,515.0,True,False
transport,1_16,4,39.57008385658264,286.0,481.0,True,False
transport,1_17,0,46.31003665924072,540.0,543.0,True,False
transport,1_17,1,39.48552417755127,515.0,476.0,True,False
transport,1_17,2,29.987154960632324,163.0,351.0,True,False
transport,1_17,3,45.19485926628113,442.0,538.0,True,False
transport,1_17,4,47.451411962509155,515.0,575.0,True,False
transport,1_18,0,110.56659317016602,272.0,537.0,True,False
transport,1_18,1,138.37944984436035,452.0,664.0,True,False
transport,1_18,2,110.35400533676147,338.0,550.0,True,False
transport,1_18,3,107.84400391578674,391.0,525.0,True,False
transport,1_18,4,133.8472762107849,570.0,669.0,True,False
transport,1_19,0,89.31102776527405,107.0,415.0,True,False
transport,1_19,1,101.35969543457031,150.0,471.0,True,False
transport,1_19,2,99.87594103813171,243.0,471.0,True,False
transport,1_19,3,98.13511371612549,226.0,456.0,True,False
transport,1_19,4,94.50254368782043,139.0,435.0,True,False
transport,1_20,0,105.06559181213379,479.0,696.0,True,False
transport,1_20,1,109.80691194534302,642.0,718.0,True,False
transport,1_20,2,105.21514415740967,529.0,685.0,True,False
transport,1_20,3,101.7071475982666,438.0,661.0,True,False
transport,1_20,4,90.54232501983643,327.0,596.0,True,False
transport,1_21,0,108.08280777931213,464.0,692.0,True,False
transport,1_21,1,102.59872198104858,398.0,726.0,True,False
transport,1_21,2,108.00131368637085,504.0,743.0,True,False
transport,1_21,3,94.44164109230042,397.0,660.0,True,False
transport,1_21,4,111.8739743232727,537.0,785.0,True,False
transport,1_22,0,46.028891801834106,198.0,452.0,True,False
transport,1_22,1,77.726895570755,1113.0,748.0,True,False
transport,1_22,2,37.56160831451416,121.0,367.0,True,False
transport,1_22,3,47.585222005844116,201.0,460.0,True,False
transport,1_22,4,64.97294116020203,734.0,643.0,True,False
transport,1_23,0,80.42917609214783,182.0,479.0,True,False
transport,1_23,1,78.0519495010376,183.0,465.0,True,False
transport,1_23,2,76.51460146903992,146.0,464.0,True,False
transport,1_23,3,81.14185643196106,173.0,480.0,True,False
transport,1_23,4,80.06858825683594,123.0,473.0,True,False
transport,1_24,0,243.50283455848694,510.0,847.0,True,False
transport,1_24,1,242.66670083999634,578.0,857.0,True,False
transport,1_24,2,247.52007389068604,606.0,803.0,True,False
transport,1_24,3,208.48870134353638,377.0,754.0,True,False
transport,1_24,4,231.9476613998413,462.0,829.0,True,False
transport,1_25,0,130.9150846004486,1240.0,1170.0,True,False
transport,1_25,1,116.99774861335754,1003.0,1004.0,True,False
transport,1_25,2,106.50789785385132,844.0,904.0,True,False
transport,1_25,3,122.34821248054504,1350.0,1038.0,True,False
transport,1_25,4,133.48727536201477,1265.0,1072.0,True,False
transport,1_26,0,95.29764437675476,78.0,382.0,True,False
transport,1_26,1,109.91135692596436,88.0,442.0,True,False
transport,1_26,2,113.69151878356934,95.0,466.0,True,False
transport,1_26,3,118.34803628921509,78.0,438.0,True,False
transport,1_26,4,98.11272478103638,70.0,436.0,True,False
transport,1_27,0,195.35709714889526,275.0,683.0,True,False
transport,1_27,1,234.5533583164215,295.0,755.0,True,False
transport,1_27,2,212.43627071380615,307.0,689.0,True,False
transport,1_27,3,203.95566701889038,254.0,696.0,True,False
transport,1_27,4,173.12268209457397,206.0,601.0,True,False
transport,1_28,0,152.98792934417725,1306.0,1158.0,True,False
transport,1_28,1,138.44157910346985,1003.0,1008.0,True,False
transport,1_28,2,150.25373244285583,875.0,1090.0,True,False
transport,1_28,3,155.1867003440857,1052.0,1150.0,True,False
transport,1_28,4,155.97826766967773,1199.0,1169.0,True,False
transport,1_29,0,122.3639669418335,79.0,478.0,True,False
transport,1_29,1,151.05793523788452,271.0,546.0,True,False
transport,1_29,2,141.06197237968445,103.0,518.0,True,False
transport,1_29,3,124.86826372146606,71.0,479.0,True,False
transport,1_29,4,142.03640842437744,86.0,522.0,True,False
transport,1_30,0,140.9653661251068,70.0,498.0,True,False
transport,1_30,1,166.79603695869446,154.0,571.0,True,False
transport,1_30,2,160.1547179222107,126.0,543.0,True,False
transport,1_30,3,154.90720748901367,66.0,463.0,True,False
transport,1_30,4,136.19758772850037,40.0,445.0,True,False
